datetime,datetimeEpoch,tempmax,tempmin,temp,feelslikemax,feelslikemin,feelslike,dew,humidity,precip,precipprob,precipcover,preciptype,snow,snowdepth,windgust,windspeed,winddir,pressure,cloudcover,visibility,solarradiation,solarenergy,uvindex,sunrise,sunriseEpoch,sunset,sunsetEpoch,moonphase,conditions,description,icon,stations,source,tzoffset
2001-01-01,978336000,14.3,0.7,5.3,14.3,-2.2,4.7,3.3,89.2,0.0,0.0,0.0,,0.0,0.0,,11.2,292.3,1022.7,28.6,2.7,,,,07:23:52,978362632,16:55:48,978396948,0.24,Partially cloudy,Partly cloudy throughout the day.,partly-cloudy-day,"['72483023232', '72492023237']",obs,
2001-01-02,978422400,11.7,0.1,4.3,11.7,0.1,4.3,3.6,95.9,0.0,0.0,0.0,,0.0,0.0,,9.3,201.1,1027.3,13.5,1.5,,,,07:23:59,978449039,16:56:38,978483398,0.25,Clear,Clear conditions throughout the day.,clear-day,"['72483023232', '72492023237']",obs,
2001-01-03,978508800,15.6,0.0,5.8,15.6,-1.8,5.3,3.0,85.2,0.0,0.0,0.0,,0.0,0.0,,7.6,128.1,1029.1,14.8,4.0,,,,07:24:03,978535443,16:57:29,978569849,0.3,Clear,Clear conditions throughout the day.,clear-day,"['72483023232', '72492023237']",obs,
2001-01-04,978595200,16.1,-0.6,6.3,16.1,-0.6,6.2,2.3,79.6,0.0,0.0,0.0,,0.0,0.0,,14.7,348.2,1024.8,8.3,7.4,,,,07:24:06,978621846,16:58:22,978656302,0.33,Clear,Clear conditions throughout the day.,clear-day,"['72483023232', '72492023237']",obs,
2001-01-05,978681600,16.6,-1.6,6.0,16.6,-4.5,5.1,2.3,81.0,0.0,0.0,0.0,,0.0,0.0,,9.4,104.2,1020.7,13.8,6.1,,,,07:24:06,978708246,16:59:16,978742756,0.37,Clear,Clear conditions throughout the day.,clear-day,"['72483023232', '72492023237']",obs,
2001-01-06,978768000,15.0,1.7,6.7,15.0,0.6,6.4,3.4,81.7,0.0,0.0,0.0,,0.0,0.0,,11.0,333.3,1018.0,0.0,6.1,,,,07:24:04,978794644,17:00:11,978829211,0.4,Clear,Clear conditions throughout the day.,clear-day,"['72483023232', '72492023237']",obs,
2001-01-07,978854400,11.7,1.0,6.5,11.7,1.0,6.3,3.8,84.0,0.0,0.0,0.0,,0.0,0.0,,7.6,344.2,1013.9,21.5,3.5,,,,07:24:01,978881041,17:01:07,978915667,0.43,Partially cloudy,Partly cloudy throughout the day.,partly-cloudy-day,"['72483023232', '72492023237']",obs,
2001-01-08,978940800,11.7,7.9,9.4,11.7,5.7,8.4,8.3,93.0,27.368,100.0,66.67,['rain'],0.0,0.0,,16.6,142.3,1012.8,96.7,5.0,,,,07:23:54,978967434,17:02:04,979002124,0.47,"Rain, Overcast",Cloudy skies throughout the day with a chance of rain throughout the day.,rain,"['72483023232', '72492023237']",obs,
2001-01-09,979027200,11.1,3.1,8.2,11.1,1.0,7.0,6.4,89.3,0.297,100.0,4.17,['rain'],0.0,0.0,,22.3,162.7,1015.2,71.3,9.8,,,,07:23:46,979053826,17:03:02,979088582,0.5,"Rain, Partially cloudy",Partly cloudy throughout the day with early morning rain.,rain,"['72483023232', '72492023237']",obs,
2001-01-10,979113600,10.7,7.1,9.3,10.7,4.3,7.9,7.2,86.3,23.309,100.0,50.0,['rain'],0.0,0.0,,42.5,143.1,1007.6,59.2,9.8,,,,07:23:36,979140216,17:04:02,979175042,0.53,"Rain, Partially cloudy",Partly cloudy throughout the day with rain.,rain,"['72483023232', '72492023237']",obs,
2001-01-11,979200000,11.1,7.2,9.2,11.1,4.2,7.4,5.7,79.3,3.496,100.0,45.83,['rain'],0.0,0.0,,37.0,132.0,1006.5,80.8,15.6,,,,07:23:24,979226604,17:05:02,979261502,0.57,"Rain, Partially cloudy",Partly cloudy throughout the day with a chance of rain throughout the day.,rain,"['72483023232', '72492023237']",obs,
2001-01-12,979286400,12.9,5.7,8.4,12.9,3.2,6.8,5.1,80.9,1.001,100.0,20.83,['rain'],0.0,0.0,,20.4,343.3,1015.3,39.2,15.3,,,,07:23:09,979312989,17:06:03,979347963,0.6,"Rain, Partially cloudy",Clearing in the afternoon with rain clearing later.,rain,"['72483023232', '72492023237']",obs,
2001-01-13,979372800,12.9,6.1,9.1,12.9,3.8,8.1,5.6,79.3,0.0,0.0,0.0,,0.0,0.0,,16.5,176.3,1023.7,66.0,15.7,,,,07:22:52,979399372,17:07:05,979434425,0.64,Partially cloudy,Partly cloudy throughout the day.,partly-cloudy-day,"['72483023232', '72492023237']",obs,
2001-01-14,979459200,12.1,4.4,7.5,12.1,1.7,6.0,4.0,79.8,0.0,0.0,0.0,,0.0,0.0,,24.0,320.4,1025.3,32.8,12.6,,,,07:22:34,979485754,17:08:08,979520888,0.67,Partially cloudy,Partly cloudy throughout the day.,partly-cloudy-day,"['72483023232', '72492023237']",obs,
2001-01-15,979545600,13.3,3.8,7.6,13.3,-0.2,5.2,-2.0,52.9,0.0,0.0,0.0,,0.0,0.0,,37.0,334.7,1020.5,0.0,16.0,,,,07:22:13,979572133,17:09:12,979607352,0.7,Clear,Clear conditions throughout the day.,clear-day,"['72483023232', '72492023237']",obs,
2001-01-16,979632000,11.7,1.6,6.5,11.7,-2.6,3.6,-3.5,49.6,0.0,0.0,0.0,,0.0,0.0,,33.4,334.9,1022.5,0.0,16.0,,,,07:21:50,979658510,17:10:16,979693816,0.75,Clear,Clear conditions throughout the day.,clear-day,"['72483023232', '72492023237']",obs,
2001-01-17,979718400,11.1,-1.2,4.5,11.1,-3.9,3.0,-3.6,58.2,0.0,0.0,0.0,,0.0,0.0,,14.7,347.2,1027.9,0.0,14.6,,,,07:21:25,979744885,17:11:21,979780281,0.77,Clear,Clear conditions throughout the day.,clear-day,"['72483023232', '72492023237']",obs,
2001-01-18,979804800,11.2,-1.7,5.0,11.2,-5.5,4.3,-0.5,70.0,0.0,0.0,0.0,,0.0,0.0,,11.0,188.5,1027.3,13.2,8.7,,,,07:20:59,979831259,17:12:27,979866747,0.81,Clear,Clear conditions throughout the day.,clear-day,"['72483023232', '72492023237']",obs,
2001-01-19,979891200,13.8,3.4,7.7,13.8,0.4,6.7,2.6,72.1,0.0,0.0,0.0,,0.0,0.0,,18.6,341.4,1025.2,2.6,8.0,,,,07:20:30,979917630,17:13:33,979953213,0.84,Clear,Clear conditions throughout the day.,clear-day,"['72483023232', '72492023237']",obs,
2001-01-20,979977600,11.6,1.2,5.7,11.6,-1.6,4.8,0.3,70.8,0.0,0.0,0.0,,0.0,0.0,,16.6,76.5,1023.4,0.0,4.4,,,,07:19:59,980003999,17:14:39,980039679,0.87,Clear,Clear conditions throughout the day.,clear-day,"['72483023232', '72492023237']",obs,
2001-01-21,980064000,13.3,-1.1,6.6,13.3,-3.1,5.6,3.3,80.6,0.0,0.0,0.0,,0.0,0.0,,12.9,333.4,1022.4,0.1,7.5,,,,07:19:26,980090366,17:15:46,980126146,0.91,Clear,Clear conditions throughout the day.,clear-day,"['72483023232', '72492023237']",obs,
2001-01-22,980150400,17.1,2.8,9.0,17.1,2.8,8.7,3.5,72.2,0.0,0.0,0.0,,0.0,0.0,,12.9,275.5,1019.3,6.1,10.4,,,,07:18:51,980176731,17:16:54,980212614,0.94,Clear,Clear conditions throughout the day.,clear-day,"['72483023232', '72492023237']",obs,
2001-01-23,980236800,11.2,6.2,8.7,11.2,4.6,7.7,6.4,85.8,11.541,100.0,33.33,['rain'],0.0,0.0,,16.5,147.1,1016.3,62.5,6.9,,,,07:18:15,980263095,17:18:02,980299082,0.98,"Rain, Partially cloudy",Partly cloudy throughout the day with rain.,rain,"['72483023232', '72492023237']",obs,
2001-01-24,980323200,12.1,4.3,8.2,12.1,1.6,7.0,5.3,82.7,0.011,100.0,8.33,['rain'],0.0,0.0,,16.6,155.2,1018.8,31.1,16.0,,,,07:17:36,980349456,17:19:10,980385550,0.0,"Rain, Partially cloudy",Partly cloudy throughout the day with rain clearing later.,rain,"['72483023232', '72492023237']",obs,
2001-01-25,980409600,9.4,2.9,6.4,5.6,-0.2,3.7,4.5,87.7,23.044,100.0,33.33,['rain'],0.0,0.0,,33.5,143.1,1021.2,85.8,11.9,,,,07:16:56,980435816,17:20:18,980472018,0.04,"Rain, Partially cloudy",Partly cloudy throughout the day with rain.,rain,"['72483023232', '72492023237']",obs,
2001-01-26,980496000,11.1,4.3,6.6,11.1,0.4,4.4,4.5,87.0,0.026,100.0,4.17,['rain'],0.0,0.0,,24.0,316.4,1016.0,45.2,14.7,,,,07:16:13,980522173,17:21:27,980558487,0.08,"Rain, Partially cloudy",Partly cloudy throughout the day with early morning rain.,rain,"['72483023232', '72492023237']",obs,
2001-01-27,980582400,13.8,2.8,7.8,13.8,-0.8,5.8,1.9,68.0,0.0,0.0,0.0,,0.0,0.0,,33.2,331.2,1013.3,0.0,15.5,,,,07:15:29,980608529,17:22:35,980644955,0.11,Clear,Clear conditions throughout the day.,clear-day,"['72483023232', '72492023237']",obs,
2001-01-28,980668800,11.7,0.7,6.0,11.7,-2.4,4.5,2.8,80.9,0.0,0.0,0.0,,0.0,0.0,,16.5,131.6,1019.8,1.2,10.5,,,,07:14:43,980694883,17:23:44,980731424,0.15,Clear,Clear conditions throughout the day.,clear-day,"['72483023232', '72492023237']",obs,
2001-01-29,980755200,12.2,4.4,7.9,12.2,2.9,6.8,5.1,83.1,3.082,100.0,16.67,['rain'],0.0,0.0,,16.5,319.8,1025.6,53.4,11.0,,,,07:13:56,980781236,17:24:53,980817893,0.18,"Rain, Partially cloudy",Partly cloudy throughout the day with rain clearing later.,rain,"['72483023232', '72492023237']",obs,
2001-01-30,980841600,11.1,1.7,6.0,11.1,-0.9,4.0,0.3,68.3,0.0,0.0,0.0,,0.0,0.0,,24.1,343.0,1026.4,3.8,14.8,,,,07:13:06,980867586,17:26:02,980904362,0.21,Clear,Clear conditions throughout the day.,clear-day,"['72483023232', '72492023237']",obs,
2001-01-31,980928000,14.3,-0.6,5.7,14.3,-2.4,4.8,0.2,71.5,0.0,0.0,0.0,,0.0,0.0,,12.9,323.8,1026.0,0.0,13.8,,,,07:12:15,980953935,17:27:12,980990832,0.25,Clear,Clear conditions throughout the day.,clear-day,"['72483023232', '72492023237']",obs,
2001-02-01,981014400,13.9,0.1,7.2,13.9,-1.0,6.5,2.9,75.3,0.0,0.0,0.0,,0.0,0.0,,11.1,87.1,1028.2,0.0,9.9,,,,07:11:22,981040282,17:28:21,981077301,0.25,Clear,Clear conditions throughout the day.,clear-day,"['72483023232', '72492023237']",obs,
2001-02-02,981100800,15.0,2.1,8.6,15.0,0.7,8.3,4.0,74.4,0.0,0.0,0.0,,0.0,0.0,,12.9,323.2,1029.4,32.2,10.6,,,,07:10:28,981126628,17:29:30,981163770,0.31,Partially cloudy,Partly cloudy throughout the day.,partly-cloudy-day,"['72483023232', '72492023237']",obs,
2001-02-03,981187200,18.8,3.3,10.6,18.8,3.3,10.4,5.8,74.5,0.0,0.0,0.0,,0.0,0.0,,18.7,323.6,1026.8,7.4,14.9,,,,07:09:32,981212972,17:30:39,981250239,0.35,Clear,Clear conditions throughout the day.,clear-day,"['72483023232', '72492023237']",obs,
2001-02-04,981273600,20.1,5.1,11.8,20.1,5.1,11.7,7.6,78.0,0.0,0.0,0.0,,0.0,0.0,,9.3,19.7,1024.7,0.0,8.0,,,,07:08:35,981299315,17:31:48,981336708,0.38,Clear,Clear conditions throughout the day.,clear-day,"['72483023232', '72492023237']",obs,
2001-02-05,981360000,18.4,3.9,10.7,18.4,2.6,10.4,0.8,55.2,0.0,0.0,0.0,,0.0,0.0,,11.1,174.3,1019.2,18.8,7.4,,,,07:07:35,981385655,17:32:57,981423177,0.42,Clear,Clear conditions throughout the day.,clear-day,"['72483023232', '72492023237']",obs,
2001-02-06,981446400,12.2,5.1,8.6,12.2,2.2,7.1,2.3,66.2,0.297,100.0,4.17,['rain'],0.0,0.0,,27.7,239.6,1012.3,48.7,16.0,,,,07:06:35,981471995,17:34:06,981509646,0.45,"Rain, Partially cloudy",Partly cloudy throughout the day with afternoon rain.,rain,"['72483023232', '72492023237']",obs,
2001-02-07,981532800,12.2,4.3,7.5,12.2,-0.2,4.8,-5.4,41.4,0.0,0.0,0.0,,0.0,0.0,,48.2,330.1,1013.0,2.1,16.0,,,,07:05:33,981558333,17:35:14,981596114,0.5,Clear,Clear conditions throughout the day.,clear-day,"['72483023232', '72492023237']",obs,
2001-02-08,981619200,12.1,0.7,6.9,12.1,-3.6,4.5,-4.6,45.1,0.0,0.0,0.0,,0.0,0.0,,27.6,325.5,1016.5,22.1,16.0,,,,07:04:29,981644669,17:36:23,981682583,0.52,Partially cloudy,Partly cloudy throughout the day.,partly-cloudy-day,"['72483023232', '72492023237']",obs,
2001-02-09,981705600,9.4,6.2,7.4,6.3,2.9,4.6,3.5,77.4,11.224,100.0,37.5,['rain'],0.0,0.0,,29.6,150.0,1013.7,93.3,13.5,,,,07:03:24,981731004,17:37:31,981769051,0.55,"Rain, Overcast",Cloudy skies throughout the day with rain.,rain,"['72483023232', '72492023237']",obs,
2001-02-10,981792000,10.0,5.6,7.1,10.0,2.1,4.4,4.5,83.5,7.546,100.0,54.17,['rain'],0.0,0.0,,20.6,156.4,1011.2,77.2,15.8,,,,07:02:18,981817338,17:38:39,981855519,0.58,"Rain, Partially cloudy",Partly cloudy throughout the day with a chance of rain throughout the day.,rain,"['72483023232', '72492023237']",obs,
2001-02-11,981878400,10.1,5.1,7.4,10.1,2.2,4.5,3.6,77.8,8.078,100.0,41.67,['rain'],0.0,0.0,,35.3,169.3,1010.1,75.7,15.4,,,,07:01:10,981903670,17:39:47,981941987,0.62,"Rain, Partially cloudy",Partly cloudy throughout the day with a chance of rain throughout the day.,rain,"['72483023232', '72492023237']",obs,
2001-02-12,981964800,6.7,2.8,5.5,6.6,-0.5,3.4,3.7,88.3,9.512,100.0,33.33,['rain'],0.0,0.0,,18.7,12.3,1012.5,72.0,14.8,,,,07:00:01,981990001,17:40:55,982028455,0.65,"Rain, Partially cloudy",Partly cloudy throughout the day with a chance of rain throughout the day.,rain,"['72483023232', '72492023237']",obs,
2001-02-13,982051200,15.6,2.9,8.4,15.6,-1.5,5.7,1.0,62.0,0.0,0.0,0.0,,0.0,0.0,,36.9,330.9,1006.0,12.7,16.0,,,,06:58:51,982076331,17:42:02,982114922,0.68,Clear,Clear conditions throughout the day.,clear-day,"['72483023232', '72492023237']",obs,
2001-02-14,982137600,13.9,2.8,8.3,13.9,2.8,8.0,4.1,76.2,0.0,0.0,0.0,,0.0,0.0,,11.2,189.7,1017.1,25.3,13.9,,,,06:57:40,982162660,17:43:09,982201389,0.75,Partially cloudy,Partly cloudy throughout the day.,partly-cloudy-day,"['72483023232', '72492023237']",obs,
2001-02-15,982224000,13.4,2.1,7.6,13.4,-0.6,6.9,4.5,82.0,0.0,0.0,0.0,,0.0,0.0,,9.4,134.6,1020.9,7.5,10.4,,,,06:56:27,982248987,17:44:16,982287856,0.75,Clear,Clear conditions throughout the day.,clear-day,"['72483023232', '72492023237']",obs,
2001-02-16,982310400,15.7,5.0,10.4,15.7,5.0,10.1,4.7,69.2,0.0,0.0,0.0,,0.0,0.0,,16.7,133.2,1021.0,31.1,13.0,,,,06:55:13,982335313,17:45:22,982374322,0.78,Partially cloudy,Clearing in the afternoon.,partly-cloudy-day,"['72483023232', '72492023237']",obs,
2001-02-17,982396800,13.3,6.7,9.6,13.3,5.8,9.1,5.8,78.0,3.366,100.0,25.0,['rain'],0.0,0.0,,11.2,184.4,1018.1,48.7,12.3,,,,06:53:58,982421638,17:46:29,982460789,0.82,"Rain, Partially cloudy",Partly cloudy throughout the day with rain.,rain,"['72483023232', '72492023237']",obs,
2001-02-18,982483200,13.9,8.3,10.4,13.9,7.1,10.1,9.1,92.1,3.377,100.0,20.83,['rain'],0.0,0.0,,14.8,145.2,1017.1,90.3,7.2,,,,06:52:42,982507962,17:47:34,982547254,0.85,"Rain, Overcast",Cloudy skies throughout the day with rain in the morning and afternoon.,rain,"['72483023232', '72492023237']",obs,
2001-02-19,982569600,13.9,8.4,10.4,13.9,5.9,9.6,7.5,82.3,26.495,100.0,37.5,['rain'],0.0,0.0,,27.7,148.5,1013.2,72.0,14.1,,,,06:51:25,982594285,17:48:40,982633720,0.88,"Rain, Partially cloudy",Partly cloudy throughout the day with rain.,rain,"['72483023232', '72492023237']",obs,
2001-02-20,982656000,12.9,9.3,10.9,12.9,7.1,10.9,7.8,81.0,0.0,0.0,0.0,,0.0,0.0,,22.3,145.5,1020.5,90.7,16.0,,,,06:50:07,982680607,17:49:45,982720185,0.92,Overcast,Cloudy skies throughout the day.,cloudy,"['72483023232', '72492023237']",obs,
2001-02-21,982742400,13.9,9.3,10.8,13.9,7.7,10.5,8.3,85.1,6.662,100.0,41.67,['rain'],0.0,0.0,,24.1,172.4,1022.0,98.6,12.7,,,,06:48:48,982766928,17:50:50,982806650,0.95,"Rain, Overcast",Cloudy skies throughout the day with a chance of rain throughout the day.,rain,"['72483023232', '72492023237']",obs,
2001-02-22,982828800,12.9,6.7,9.3,12.9,4.1,7.9,5.2,76.4,5.405,100.0,29.17,['rain'],0.0,0.0,,25.9,178.3,1015.1,56.2,15.0,,,,06:47:28,982853248,17:51:55,982893115,0.98,"Rain, Partially cloudy",Partly cloudy throughout the day with rain.,rain,"['72483023232', '72492023237']",obs,
2001-02-23,982915200,12.1,5.7,8.6,12.1,2.1,7.1,4.9,78.4,16.794,100.0,25.0,['rain'],0.0,0.0,,24.1,358.1,1011.9,47.1,15.3,,,,06:46:07,982939567,17:52:59,982979579,0.0,"Rain, Partially cloudy",Partly cloudy throughout the day with rain clearing later.,rain,"['72483023232', '72492023237']",obs,
2001-02-24,983001600,9.4,6.2,7.7,6.5,1.5,4.4,6.0,88.8,13.044,100.0,58.33,['rain'],0.0,0.0,,40.7,143.5,1009.3,92.5,11.4,,,,06:44:45,983025885,17:54:03,983066043,0.05,"Rain, Overcast",Cloudy skies throughout the day with a chance of rain throughout the day.,rain,"['72483023232', '72492023237']",obs,
2001-02-25,983088000,15.7,7.9,11.0,15.7,5.1,10.1,6.5,75.1,0.032,100.0,8.33,['rain'],0.0,0.0,,18.7,57.6,1015.2,41.7,15.9,,,,06:43:22,983112202,17:55:07,983152507,0.09,"Rain, Partially cloudy",Partly cloudy throughout the day with early morning rain.,rain,"['72483023232', '72492023237']",obs,
2001-02-26,983174400,13.8,6.2,9.8,13.8,4.4,9.0,6.0,78.1,0.0,0.0,0.0,,0.0,0.0,,14.8,9.0,1014.2,0.0,15.3,,,,06:41:59,983198519,17:56:10,983238970,0.12,Clear,Clear conditions throughout the day.,clear-day,"['72483023232', '72492023237']",obs,
2001-02-27,983260800,19.4,4.4,12.0,19.4,1.9,11.4,1.9,56.6,0.0,0.0,0.0,,0.0,0.0,,35.2,338.5,1014.3,0.1,14.5,,,,06:40:34,983284834,17:57:13,983325433,0.16,Clear,Clear conditions throughout the day.,clear-day,"['72483023232', '72492023237']",obs,
2001-02-28,983347200,16.6,4.3,9.9,16.6,0.4,8.9,-0.8,51.1,0.0,0.0,0.0,,0.0,0.0,,36.9,340.3,1013.8,1.3,15.6,,,,06:39:09,983371149,17:58:16,983411896,0.19,Clear,Clear conditions throughout the day.,clear-day,"['72483023232', '72492023237']",obs,
2001-03-01,983433600,15.1,2.8,8.9,15.1,1.5,8.5,3.6,72.2,0.0,0.0,0.0,,0.0,0.0,,16.6,215.3,1018.0,26.6,15.0,,,,06:37:43,983457463,17:59:18,983498358,0.23,Partially cloudy,Partly cloudy throughout the day.,partly-cloudy-day,"['72483023232', '72492023237']",obs,
2001-03-02,983520000,12.1,7.1,8.9,12.1,6.4,8.3,7.5,91.6,15.366,100.0,58.33,['rain'],0.0,0.0,,12.9,163.7,1014.5,90.0,9.1,,,,06:36:17,983543777,18:00:20,983584820,0.25,"Rain, Partially cloudy",Partly cloudy throughout the day with a chance of rain throughout the day.,rain,"['72483023232', '72492023237']",obs,
2001-03-03,983606400,12.2,3.9,8.6,12.2,1.5,8.4,6.6,88.0,2.882,100.0,20.83,['rain'],0.0,0.0,,9.4,18.1,1012.9,82.8,8.3,,,,06:34:50,983630090,18:01:22,983671282,0.3,"Rain, Partially cloudy",Partly cloudy throughout the day with rain.,rain,"['72483023232', '72492023237']",obs,
2001-03-04,983692800,15.1,10.1,12.0,15.1,10.1,12.0,8.1,78.2,11.621,100.0,75.0,['rain'],0.0,0.0,,44.7,136.9,1006.5,99.5,12.5,,,,06:33:22,983716402,18:02:24,983757744,0.33,"Rain, Overcast",Cloudy skies throughout the day with a chance of rain throughout the day.,rain,"['72483023232', '72492023237']",obs,
2001-03-05,983779200,16.1,10.0,12.6,16.1,10.0,12.6,9.7,83.2,14.51,100.0,41.67,['rain'],0.0,0.0,,27.7,96.7,1012.2,80.8,15.1,,,,06:31:53,983802713,18:03:25,983844205,0.36,"Rain, Partially cloudy",Partly cloudy throughout the day with rain.,rain,"['72483023232', '72492023237']",obs,
2001-03-06,983865600,17.9,10.0,13.0,17.9,10.0,13.0,9.5,79.9,0.0,0.0,0.0,,0.0,0.0,,25.7,288.1,1013.7,5.4,16.0,,,,06:30:25,983889025,18:04:26,983930666,0.4,Clear,Clear conditions throughout the day.,clear-day,"['72483023232', '72492023237']",obs,
2001-03-07,983952000,18.9,6.2,12.2,18.9,6.2,12.1,9.4,84.3,0.003,100.0,4.17,['rain'],0.0,0.0,,14.7,151.9,1018.7,0.2,14.1,,,,06:28:55,983975335,18:05:26,984017126,0.43,Rain,Clear conditions throughout the day with early morning rain.,rain,"['72483023232', '72492023237']",obs,
2001-03-08,984038400,16.2,8.4,11.7,16.2,6.8,11.3,8.5,81.5,0.0,0.0,0.0,,0.0,0.0,,18.7,195.1,1020.2,32.5,14.1,,,,06:27:25,984061645,18:06:27,984103587,0.47,Partially cloudy,Partly cloudy throughout the day.,partly-cloudy-day,"['72483023232', '72492023237']",obs,
2001-03-09,984124800,16.1,7.1,10.4,16.1,4.7,9.6,5.5,73.7,0.304,100.0,8.33,['rain'],0.0,0.0,,24.0,354.1,1014.1,45.8,15.5,,,,06:25:55,984147955,18:07:27,984190047,0.5,"Rain, Partially cloudy",Partly cloudy throughout the day with morning rain.,rain,"['72483023232', '72492023237']",obs,
2001-03-10,984211200,18.3,6.6,11.7,18.3,3.5,10.5,3.6,59.2,0.0,0.0,0.0,,0.0,0.0,,27.6,325.5,1011.6,0.0,15.9,,,,06:24:24,984234264,18:08:27,984276507,0.54,Clear,Clear conditions throughout the day.,clear-day,"['72483023232', '72492023237']",obs,
2001-03-11,984297600,18.8,4.3,11.7,18.8,4.3,11.5,5.7,69.2,0.0,0.0,0.0,,0.0,0.0,,20.5,345.1,1013.9,0.0,14.0,,,,06:22:53,984320573,18:09:26,984362966,0.57,Clear,Clear conditions throughout the day.,clear-day,"['72483023232', '72492023237']",obs,
2001-03-12,984384000,19.4,3.8,12.4,19.4,2.6,12.2,5.1,63.6,0.0,0.0,0.0,,0.0,0.0,,14.6,196.3,1018.7,0.0,15.4,,,,06:21:21,984406881,18:10:26,984449426,0.6,Clear,Clear conditions throughout the day.,clear-day,"['72483023232', '72492023237']",obs,
2001-03-13,984470400,20.7,5.6,12.7,20.7,4.0,12.5,7.3,72.2,0.0,0.0,0.0,,0.0,0.0,,11.1,150.8,1020.2,0.0,15.8,,,,06:19:49,984493189,18:11:25,984535885,0.63,Clear,Clear conditions throughout the day.,clear-day,"['72483023232', '72492023237']",obs,
2001-03-14,984556800,20.7,7.1,12.7,20.7,5.8,12.5,7.7,75.8,0.0,0.0,0.0,,0.0,0.0,,20.5,311.0,1020.3,4.3,11.6,,,,06:18:17,984579497,18:12:24,984622344,0.67,Clear,Clear conditions throughout the day.,clear-day,"['72483023232', '72492023237']",obs,
2001-03-15,984643200,17.1,6.2,11.1,17.1,4.6,10.6,7.5,80.3,0.0,0.0,0.0,,0.0,0.0,,11.3,186.2,1018.1,5.1,15.1,,,,06:16:44,984665804,18:13:23,984708803,0.7,Clear,Clear conditions throughout the day.,clear-day,"['72483023232', '72492023237']",obs,
2001-03-16,984729600,18.4,5.1,12.0,18.4,5.1,11.7,5.4,68.9,0.0,0.0,0.0,,0.0,0.0,,29.5,312.3,1016.5,0.0,15.4,,,,06:15:12,984752112,18:14:21,984795261,0.75,Clear,Clear conditions throughout the day.,clear-day,"['72483023232', '72492023237']",obs,
2001-03-17,984816000,22.2,5.7,14.3,22.2,5.7,14.2,7.7,68.7,0.0,0.0,0.0,,0.0,0.0,,13.0,280.9,1018.2,0.0,15.7,,,,06:13:39,984838419,18:15:20,984881720,0.76,Clear,Clear conditions throughout the day.,clear-day,"['72483023232', '72492023237']",obs,
2001-03-18,984902400,24.3,7.9,15.9,24.3,7.2,15.9,10.4,72.7,0.0,0.0,0.0,,0.0,0.0,,9.4,285.3,1019.8,0.0,15.8,,,,06:12:06,984924726,18:16:18,984968178,0.8,Clear,Clear conditions throughout the day.,clear-day,"['72483023232', '72492023237']",obs,
2001-03-19,984988800,25.1,10.6,17.7,25.1,10.6,17.7,12.6,74.0,0.0,0.0,0.0,,0.0,0.0,,11.1,327.0,1017.8,0.0,15.5,,,,06:10:32,985011032,18:17:16,985054636,0.83,Clear,Clear conditions throughout the day.,clear-day,"['72483023232', '72492023237']",obs,
2001-03-20,985075200,26.1,11.7,18.7,26.1,11.7,18.7,14.1,76.8,0.0,0.0,0.0,,0.0,0.0,,12.9,209.1,1014.8,0.0,11.6,,,,06:08:59,985097339,18:18:14,985141094,0.86,Clear,Clear conditions throughout the day.,clear-day,"['72483023232', '72492023237']",obs,
2001-03-21,985161600,25.0,11.1,17.0,25.0,11.1,17.0,13.2,80.2,0.0,0.0,0.0,,0.0,0.0,,22.2,244.4,1015.1,0.0,14.4,,,,06:07:25,985183645,18:19:12,985227552,0.89,Clear,Clear conditions throughout the day.,clear-day,"['72483023232', '72492023237']",obs,
2001-03-22,985248000,20.1,10.0,14.0,20.1,10.0,14.0,10.7,81.3,0.0,0.0,0.0,,0.0,0.0,,22.2,194.9,1016.1,0.0,15.7,,,,06:05:52,985269952,18:20:09,985314009,0.93,Clear,Clear conditions throughout the day.,clear-day,"['72483023232', '72492023237']",obs,
2001-03-23,985334400,20.1,10.6,14.4,20.1,10.6,14.4,10.4,77.8,0.0,0.0,0.0,,0.0,0.0,,16.5,200.5,1016.8,0.1,16.0,,,,06:04:18,985356258,18:21:07,985400467,0.96,Clear,Clear conditions throughout the day.,clear-day,"['72483023232', '72492023237']",obs,
2001-03-24,985420800,21.2,10.6,15.1,21.2,10.6,15.1,11.5,80.1,7.834,100.0,16.67,['rain'],0.0,0.0,,25.8,206.6,1015.8,35.0,15.5,,,,06:02:45,985442565,18:22:04,985486924,0.0,"Rain, Partially cloudy",Becoming cloudy in the afternoon with late afternoon rain.,rain,"['72483023232', '72492023237']",obs,
2001-03-25,985507200,19.4,9.4,14.8,19.4,8.9,14.8,9.3,72.7,4.578,100.0,16.67,['rain'],0.0,0.0,,20.4,245.4,1019.8,26.0,15.9,,,,06:01:11,985528871,18:23:02,985573382,0.03,"Rain, Partially cloudy",Clearing in the afternoon with rain clearing later.,rain,"['72483023232', '72492023237']",obs,
2001-03-26,985593600,21.6,5.7,13.4,21.6,4.0,13.2,6.6,69.2,0.0,0.0,0.0,,0.0,0.0,,24.2,307.5,1019.9,0.0,15.9,,,,05:59:38,985615178,18:23:59,985659839,0.06,Clear,Clear conditions throughout the day.,clear-day,"['72483023232', '72492023237']",obs,
2001-03-27,985680000,23.8,6.7,15.0,23.8,5.4,14.7,7.3,64.5,0.0,0.0,0.0,,0.0,0.0,,18.8,290.8,1019.3,0.0,15.9,,,,05:58:04,985701484,18:24:56,985746296,0.1,Clear,Clear conditions throughout the day.,clear-day,"['72483023232', '72492023237']",obs,
2001-03-28,985766400,25.6,11.6,17.3,25.6,11.6,17.3,11.9,72.8,0.0,0.0,0.0,,0.0,0.0,,22.3,266.4,1017.3,5.4,16.0,,,,05:56:31,985787791,18:25:53,985832753,0.13,Clear,Clear conditions throughout the day.,clear-day,"['72483023232', '72492023237']",obs,
2001-03-29,985852800,26.1,8.4,17.1,26.1,7.8,17.1,8.8,63.4,0.0,0.0,0.0,,0.0,0.0,,29.6,315.2,1013.1,0.0,16.0,,,,05:54:58,985874098,18:26:50,985919210,0.17,Clear,Clear conditions throughout the day.,clear-day,"['72483023232', '72492023237']",obs,
2001-03-30,985939200,27.8,8.4,18.1,26.7,8.4,17.9,5.9,51.2,0.0,0.0,0.0,,0.0,0.0,,22.2,322.8,1013.9,0.0,16.0,,,,05:53:25,985960405,18:27:47,986005667,0.21,Clear,Clear conditions throughout the day.,clear-day,"['72483023232', '72492023237']",obs,
2001-03-31,986025600,28.4,10.0,18.6,27.4,10.0,18.5,9.6,60.0,0.0,0.0,0.0,,0.0,0.0,,20.5,261.6,1013.6,0.0,16.0,,,,05:51:52,986046712,18:28:44,986092124,0.24,Clear,Clear conditions throughout the day.,clear-day,"['72483023232', '72492023237']",obs,
2001-04-01,986112000,21.2,9.3,14.6,21.2,8.3,14.5,8.6,69.5,0.0,0.0,0.0,,0.0,0.0,,27.8,207.9,1008.9,0.0,16.0,,,,06:50:20,986133020,19:29:41,986178581,0.25,Clear,Clear conditions throughout the day.,clear-day,"['72483023232', '72492023237']",obs,
2001-04-02,986194800,15.1,5.6,10.6,15.1,2.7,9.4,0.3,51.9,0.0,0.0,0.0,,0.0,0.0,,29.7,273.9,1012.8,17.8,16.0,,,,06:48:48,986219328,19:30:38,986265038,0.31,Clear,Clear conditions throughout the day.,clear-day,"['72483023232', '72492023237']",obs,-7.0
2001-04-03,986281200,14.4,0.7,8.5,14.4,-1.0,7.8,-0.7,56.4,0.0,0.0,0.0,,0.0,0.0,,16.6,249.1,1016.2,23.5,16.0,,,,06:47:16,986305636,19:31:35,986351495,0.35,Partially cloudy,Becoming cloudy in the afternoon.,partly-cloudy-day,"['72483023232', '72492023237']",obs,-7.0
2001-04-04,986367600,16.7,3.3,10.1,16.7,2.6,10.0,1.6,61.2,0.0,0.0,0.0,,0.0,0.0,,13.1,262.1,1016.0,17.0,16.0,,,,06:45:44,986391944,19:32:32,986437952,0.38,Clear,Clear conditions throughout the day.,clear-day,"['72483023232', '72492023237']",obs,-7.0
2001-04-05,986454000,20.1,3.4,11.9,20.1,2.5,11.4,3.8,61.4,0.0,0.0,0.0,,0.0,0.0,,29.5,221.6,1014.4,14.5,16.0,,,,06:44:13,986478253,19:33:29,986524409,0.42,Clear,Clear conditions throughout the day.,clear-day,"['72483023232', '72492023237']",obs,-7.0
2001-04-06,986540400,10.7,7.2,9.3,10.7,5.7,7.7,6.7,83.8,12.269,100.0,54.17,['rain'],0.0,0.0,,25.9,166.4,1012.8,90.4,13.8,,,,06:42:42,986564562,19:34:25,986610865,0.45,"Rain, Overcast",Cloudy skies throughout the day with rain.,rain,"['72483023232', '72492023237']",obs,-7.0
2001-04-07,986626800,12.1,5.6,8.5,12.1,3.8,7.2,4.9,79.4,7.241,100.0,25.0,['rain'],0.0,0.0,,16.7,250.1,1012.2,57.2,15.8,,,,06:41:12,986650872,19:35:22,986697322,0.5,"Rain, Partially cloudy",Partly cloudy throughout the day with rain.,rain,"['72483023232', '72492023237']",obs,-7.0
2001-04-08,986713200,13.8,2.1,7.4,13.8,-0.6,6.3,2.8,74.7,0.297,100.0,4.17,['rain'],0.0,0.0,,18.6,171.1,1019.3,33.8,16.0,,,,06:39:42,986737182,19:36:19,986783779,0.52,"Rain, Partially cloudy",Partly cloudy throughout the day with afternoon rain.,rain,"['72483023232', '72492023237']",obs,-7.0
2001-04-09,986799600,17.9,4.4,11.4,17.9,1.3,10.4,1.9,58.3,0.0,0.0,0.0,,0.0,0.0,,33.4,325.8,1015.6,21.7,16.0,,,,06:38:12,986823492,19:37:16,986870236,0.55,Partially cloudy,Partly cloudy throughout the day.,partly-cloudy-day,"['72483023232', '72492023237']",obs,-7.0
2001-04-10,986886000,19.4,5.0,12.6,19.4,2.9,11.6,1.1,48.4,0.0,0.0,0.0,,0.0,0.0,,24.1,284.8,1014.3,13.3,16.0,,,,06:36:43,986909803,19:38:13,986956693,0.59,Clear,Clear conditions throughout the day.,clear-day,"['72483023232', '72492023237']",obs,-7.0
2001-04-11,986972400,18.3,8.4,12.0,18.3,5.7,11.4,7.1,73.1,0.0,0.0,0.0,,0.0,0.0,,27.8,193.9,1014.7,66.3,16.0,,,,06:35:15,986996115,19:39:10,987043150,0.62,Partially cloudy,Partly cloudy throughout the day.,partly-cloudy-day,"['72483023232', '72492023237']",obs,-7.0
2001-04-12,987058800,18.8,3.8,11.2,18.8,1.9,11.0,3.9,66.6,0.0,0.0,0.0,,0.0,0.0,,16.5,237.8,1020.8,0.0,16.0,,,,06:33:47,987082427,19:40:07,987129607,0.65,Clear,Clear conditions throughout the day.,clear-day,"['72483023232', '72492023237']",obs,-7.0
2001-04-13,987145200,15.6,8.3,11.2,15.6,5.7,10.3,5.3,69.0,0.0,0.0,0.0,,0.0,0.0,,22.4,191.0,1020.9,4.5,16.0,,,,06:32:20,987168740,19:41:04,987216064,0.68,Clear,Clear conditions throughout the day.,clear-day,"['72483023232', '72492023237']",obs,-7.0
2001-04-14,987231600,18.4,5.0,11.5,18.4,3.6,11.1,5.3,68.5,0.0,0.0,0.0,,0.0,0.0,,16.6,206.2,1019.4,0.0,16.0,,,,06:30:53,987255053,19:42:01,987302521,0.71,Clear,Clear conditions throughout the day.,clear-day,"['72483023232', '72492023237']",obs,-7.0
2001-04-15,987318000,20.1,6.1,12.5,20.1,4.2,11.7,5.0,62.3,0.0,0.0,0.0,,0.0,0.0,,18.7,202.5,1019.4,0.0,16.0,,,,06:29:27,987341367,19:42:58,987388978,0.75,Clear,Clear conditions throughout the day.,clear-day,"['72483023232', '72492023237']",obs,-7.0
2001-04-16,987404400,18.9,8.3,13.4,18.9,7.2,13.0,6.1,63.2,0.0,0.0,0.0,,0.0,0.0,,31.6,213.3,1018.7,0.1,16.0,,,,06:28:01,987427681,19:43:55,987475435,0.78,Clear,Clear conditions throughout the day.,clear-day,"['72483023232', '72492023237']",obs,-7.0
2001-04-17,987490800,22.2,8.3,15.3,22.2,7.8,15.2,9.0,69.0,0.0,0.0,0.0,,0.0,0.0,,13.0,217.9,1020.9,5.0,16.0,,,,06:26:37,987513997,19:44:52,987561892,0.81,Clear,Clear conditions throughout the day.,clear-day,"['72483023232', '72492023237']",obs,-7.0
2001-04-18,987577200,21.7,8.8,13.8,21.7,7.8,13.7,8.9,74.2,0.007,100.0,4.17,['rain'],0.0,0.0,,27.8,208.6,1015.2,26.3,16.0,,,,06:25:13,987600313,19:45:49,987648349,0.84,"Rain, Partially cloudy",Becoming cloudy in the afternoon with afternoon rain.,rain,"['72483023232', '72492023237']",obs,-7.0
2001-04-19,987663600,16.7,8.9,12.1,16.7,6.3,11.5,6.1,69.4,0.0,0.0,0.0,,0.0,0.0,,33.5,214.7,1014.6,31.3,16.0,,,,06:23:50,987686630,19:46:46,987734806,0.88,Partially cloudy,Partly cloudy throughout the day.,partly-cloudy-day,"['72483023232', '72492023237']",obs,-7.0
2001-04-20,987750000,11.2,6.7,8.3,11.2,3.6,6.6,6.7,89.6,18.783,100.0,58.33,['rain'],0.0,0.0,,29.4,157.8,1012.0,78.8,11.9,,,,06:22:28,987772948,19:47:44,987821264,0.91,"Rain, Partially cloudy",Partly cloudy throughout the day with rain.,rain,"['72483023232', '72492023237']",obs,-7.0
2001-04-21,987836400,19.4,5.1,11.5,19.4,2.2,11.1,6.6,75.1,0.0,0.0,0.0,,0.0,0.0,,20.6,314.2,1016.1,48.6,14.9,,,,06:21:06,987859266,19:48:41,987907721,0.94,Partially cloudy,Partly cloudy throughout the day.,partly-cloudy-day,"['72483023232', '72492023237']",obs,-7.0
2001-04-22,987922800,21.2,8.3,13.8,21.2,6.8,13.5,8.8,73.2,0.0,0.0,0.0,,0.0,0.0,,16.5,184.7,1023.4,0.0,14.8,,,,06:19:45,987945585,19:49:38,987994178,0.97,Clear,Clear conditions throughout the day.,clear-day,"['72483023232', '72492023237']",obs,-7.0
2001-04-23,988009200,24.4,7.9,15.8,24.4,7.2,15.5,9.4,69.2,0.0,0.0,0.0,,0.0,0.0,,12.9,246.0,1023.1,0.0,15.7,,,,06:18:26,988031906,19:50:35,988080635,0.0,Clear,Clear conditions throughout the day.,clear-day,"['72483023232', '72492023237']",obs,-7.0
2001-04-24,988095600,28.4,10.7,19.3,27.7,10.7,19.2,11.4,64.8,0.0,0.0,0.0,,0.0,0.0,,9.3,177.7,1018.5,0.0,15.9,,,,06:17:07,988118227,19:51:32,988167092,0.04,Clear,Clear conditions throughout the day.,clear-day,"['72483023232', '72492023237']",obs,-7.0
2001-04-25,988182000,29.4,12.1,21.2,28.5,12.1,21.0,12.1,60.5,0.0,0.0,0.0,,0.0,0.0,,13.0,220.9,1014.5,0.0,15.9,,,,06:15:49,988204549,19:52:30,988253550,0.08,Clear,Clear conditions throughout the day.,clear-day,"['72483023232', '72492023237']",obs,-7.0
2001-04-26,988268400,26.2,11.7,18.2,26.2,11.7,18.2,11.3,65.5,0.0,0.0,0.0,,0.0,0.0,,18.8,210.5,1013.5,0.0,16.0,,,,06:14:32,988290872,19:53:27,988340007,0.11,Clear,Clear conditions throughout the day.,clear-day,"['72483023232', '72492023237']",obs,-7.0
2001-04-27,988354800,23.4,8.8,14.8,23.4,6.9,14.5,9.5,72.7,0.0,0.0,0.0,,0.0,0.0,,26.0,193.6,1014.0,0.0,16.0,,,,06:13:16,988377196,19:54:24,988426464,0.15,Clear,Clear conditions throughout the day.,clear-day,"['72483023232', '72492023237']",obs,-7.0
2001-04-28,988441200,20.7,10.7,14.9,20.7,10.7,14.9,7.9,66.4,0.0,0.0,0.0,,0.0,0.0,,25.9,209.8,1016.5,18.3,16.0,,,,06:12:02,988463522,19:55:21,988512921,0.18,Clear,Clear conditions throughout the day.,clear-day,"['72483023232', '72492023237']",obs,-7.0
2001-04-29,988527600,25.1,5.7,15.7,25.1,4.7,15.6,5.7,58.3,0.0,0.0,0.0,,0.0,0.0,,18.8,286.5,1018.6,0.0,16.0,,,,06:10:48,988549848,19:56:18,988599378,0.22,Clear,Clear conditions throughout the day.,clear-day,"['72483023232', '72492023237']",obs,-7.0
2001-04-30,988614000,27.2,10.0,18.5,26.9,10.0,18.4,10.6,63.7,0.0,0.0,0.0,,0.0,0.0,,14.9,196.3,1019.2,0.0,16.0,,,,06:09:35,988636175,19:57:15,988685835,0.25,Clear,Clear conditions throughout the day.,clear-day,"['72483023232', '72492023237']",obs,-7.0
2001-05-01,988700400,27.2,10.7,19.4,26.2,10.7,19.3,4.7,46.9,0.0,0.0,0.0,,0.0,0.0,,37.0,326.3,1016.9,0.0,16.0,,,,06:08:24,988722504,19:58:12,988772292,0.29,Clear,Clear conditions throughout the day.,clear-day,"['72483023232', '72492023237']",obs,-7.0
2001-05-02,988786800,24.4,12.2,18.3,24.4,12.2,18.3,-1.7,27.0,0.0,0.0,0.0,,0.0,0.0,,50.0,327.1,1015.3,0.0,16.0,,,,06:07:14,988808834,19:59:09,988858749,0.33,Clear,Clear conditions throughout the day.,wind,"['72483023232', '72492023237']",obs,-7.0
2001-05-03,988873200,27.9,13.9,20.9,26.5,13.9,20.7,-3.0,20.7,0.0,0.0,0.0,,0.0,0.0,,38.8,348.4,1017.2,0.0,16.0,,,,06:06:05,988895165,20:00:05,988945205,0.36,Clear,Clear conditions throughout the day.,clear-day,"['72483023232', '72492023237']",obs,-7.0
2001-05-04,988959600,28.9,8.4,19.3,27.3,8.4,19.0,4.6,43.2,0.0,0.0,0.0,,0.0,0.0,,18.7,223.8,1016.5,0.0,16.0,,,,06:04:57,988981497,20:01:02,989031662,0.4,Clear,Clear conditions throughout the day.,clear-day,"['72483023232', '72492023237']",obs,-7.0
2001-05-05,989046000,31.6,11.6,21.1,29.5,11.6,20.6,6.4,45.4,0.0,0.0,0.0,,0.0,0.0,,22.2,310.7,1014.2,0.0,16.0,,,,06:03:50,989067830,20:01:58,989118118,0.44,Clear,Clear conditions throughout the day.,clear-day,"['72483023232', '72492023237']",obs,-7.0
2001-05-06,989132400,31.7,10.6,21.5,29.5,10.6,20.9,5.8,45.3,0.0,0.0,0.0,,0.0,0.0,,16.6,298.6,1014.4,0.0,16.0,,,,06:02:45,989154165,20:02:54,989204574,0.47,Clear,Clear conditions throughout the day.,clear-day,"['72483023232', '72492023237']",obs,-7.0
2001-05-07,989218800,34.4,12.9,23.4,32.4,12.9,22.8,9.9,48.4,0.0,0.0,0.0,,0.0,0.0,,12.9,298.7,1016.0,0.0,16.0,,,,06:01:41,989240501,20:03:50,989291030,0.5,Clear,Clear conditions throughout the day.,clear-day,"['72483023232', '72492023237']",obs,-7.0
2001-05-08,989305200,35.7,15.1,25.4,34.0,15.1,24.9,12.1,48.3,0.0,0.0,0.0,,0.0,0.0,,14.8,226.7,1013.9,1.2,16.0,,,,06:00:38,989326838,20:04:46,989377486,0.54,Clear,Clear conditions throughout the day.,clear-day,"['72483023232', '72492023237']",obs,-7.0
2001-05-09,989391600,34.4,15.6,24.0,33.0,15.6,23.7,11.3,48.0,0.0,0.0,0.0,,0.0,0.0,,16.6,211.3,1010.2,1.2,16.0,,,,05:59:37,989413177,20:05:41,989463941,0.57,Clear,Clear conditions throughout the day.,clear-day,"['72483023232', '72492023237']",obs,-7.0
2001-05-10,989478000,35.6,12.8,24.0,33.5,12.8,23.4,10.3,48.1,0.0,0.0,0.0,,0.0,0.0,,14.7,263.4,1009.6,0.0,15.5,,,,05:58:37,989499517,20:06:37,989550397,0.6,Clear,Clear conditions throughout the day.,clear-day,"['72483023232', '72492023237']",obs,-7.0
2001-05-11,989564400,32.2,15.6,23.0,30.0,15.6,22.5,9.7,47.2,0.0,0.0,0.0,,0.0,0.0,,22.3,205.6,1010.2,0.0,16.0,,,,05:57:38,989585858,20:07:32,989636852,0.64,Clear,Clear conditions throughout the day.,clear-day,"['72483023232', '72492023237']",obs,-7.0
2001-05-12,989650800,23.4,12.9,16.8,23.4,12.9,16.8,10.2,66.6,0.0,0.0,0.0,,0.0,0.0,,35.1,206.2,1011.5,0.0,15.9,,,,05:56:41,989672201,20:08:26,989723306,0.67,Clear,Clear conditions throughout the day.,clear-day,"['72483023232', '72492023237']",obs,-7.0
2001-05-13,989737200,25.1,11.7,15.8,25.1,11.7,15.8,9.8,69.3,0.0,0.0,0.0,,0.0,0.0,,24.2,206.5,1015.7,17.1,16.0,,,,05:55:46,989758546,20:09:20,989809760,0.7,Clear,Clear conditions throughout the day.,clear-day,"['72483023232', '72492023237']",obs,-7.0
2001-05-14,989823600,26.2,10.0,17.6,26.2,10.0,17.6,8.0,57.9,0.0,0.0,0.0,,0.0,0.0,,18.8,190.9,1017.5,0.0,15.3,,,,05:54:52,989844892,20:10:14,989896214,0.73,Clear,Clear conditions throughout the day.,clear-day,"['72483023232', '72492023237']",obs,-7.0
2001-05-15,989910000,26.7,14.4,19.6,27.2,14.4,19.6,12.2,63.4,0.0,0.0,0.0,,0.0,0.0,,29.5,213.5,1018.0,25.9,16.0,,,,05:53:59,989931239,20:11:08,989982668,0.75,Partially cloudy,Partly cloudy throughout the day.,partly-cloudy-day,"['72483023232', '72492023237']",obs,-7.0
2001-05-16,989996400,28.4,12.2,20.4,27.3,12.2,20.2,11.2,62.1,0.0,0.0,0.0,,0.0,0.0,,24.1,291.8,1015.1,0.0,16.0,,,,05:53:08,990017588,20:12:01,990069121,0.8,Clear,Clear conditions throughout the day.,clear-day,"['72483023232', '72492023237']",obs,-7.0
2001-05-17,990082800,31.2,10.6,20.8,29.3,10.6,20.4,10.2,57.1,0.0,0.0,0.0,,0.0,0.0,,22.3,245.1,1011.2,0.0,15.9,,,,05:52:19,990103939,20:12:53,990155573,0.83,Clear,Clear conditions throughout the day.,clear-day,"['72483023232', '72492023237']",obs,-7.0
2001-05-18,990169200,33.4,12.2,23.3,31.5,12.2,22.7,10.9,51.5,0.0,0.0,0.0,,0.0,0.0,,27.7,323.5,1009.6,0.0,15.7,,,,05:51:31,990190291,20:13:45,990242025,0.86,Clear,Clear conditions throughout the day.,clear-day,"['72483023232', '72492023237']",obs,-7.0
2001-05-19,990255600,36.7,15.6,25.9,34.6,15.6,25.1,10.5,44.2,0.0,0.0,0.0,,0.0,0.0,,25.9,318.0,1010.7,0.0,16.0,,,,05:50:45,990276645,20:14:37,990328477,0.89,Clear,Clear conditions throughout the day.,clear-day,"['72483023232', '72492023237']",obs,-7.0
2001-05-20,990342000,36.7,15.7,27.1,34.8,15.7,26.4,11.3,42.1,0.0,0.0,0.0,,0.0,0.0,,29.4,321.8,1011.0,1.2,16.0,,,,05:50:00,990363000,20:15:28,990414928,0.93,Clear,Clear conditions throughout the day.,clear-day,"['72483023232', '72492023237']",obs,-7.0
2001-05-21,990428400,37.9,21.2,28.5,35.9,21.2,27.6,10.7,36.9,0.0,0.0,0.0,,0.0,0.0,,24.0,311.5,1009.5,0.0,16.0,,,,05:49:17,990449357,20:16:18,990501378,0.96,Clear,Clear conditions throughout the day.,clear-day,"['72483023232', '72492023237']",obs,-7.0
2001-05-22,990514800,33.4,16.7,23.9,33.0,16.7,23.7,12.7,51.6,0.0,0.0,0.0,,0.0,0.0,,16.6,192.2,1012.1,0.0,16.0,,,,05:48:36,990535716,20:17:07,990587827,0.0,Clear,Clear conditions throughout the day.,clear-day,"['72483023232', '72492023237']",obs,-7.0
2001-05-23,990601200,34.4,13.9,23.0,33.4,13.9,22.7,12.4,55.3,0.0,0.0,0.0,,0.0,0.0,,16.7,190.6,1012.5,0.0,16.0,,,,05:47:56,990622076,20:17:56,990674276,0.02,Clear,Clear conditions throughout the day.,clear-day,"['72483023232', '72492023237']",obs,-7.0
2001-05-24,990687600,34.4,14.3,23.8,32.9,14.3,23.3,11.4,49.9,0.0,0.0,0.0,,0.0,0.0,,18.7,191.9,1013.1,0.0,16.0,,,,05:47:19,990708439,20:18:45,990760725,0.06,Clear,Clear conditions throughout the day.,clear-day,"['72483023232', '72492023237']",obs,-7.0
2001-05-25,990774000,31.7,12.9,21.3,30.2,12.9,21.0,9.9,50.9,0.0,0.0,0.0,,0.0,0.0,,18.8,191.1,1012.6,0.0,16.0,,,,05:46:43,990794803,20:19:32,990847172,0.1,Clear,Clear conditions throughout the day.,clear-day,"['72483023232', '72492023237']",obs,-7.0
2001-05-26,990860400,26.2,11.7,18.1,26.2,11.7,18.1,11.0,65.8,0.0,0.0,0.0,,0.0,0.0,,24.2,197.7,1011.4,0.0,15.8,,,,05:46:08,990881168,20:20:19,990933619,0.13,Clear,Clear conditions throughout the day.,clear-day,"['72483023232', '72492023237']",obs,-7.0
2001-05-27,990946800,23.4,10.1,15.7,23.4,10.1,15.7,9.5,69.2,0.0,0.0,0.0,,0.0,0.0,,29.5,198.1,1009.1,16.5,15.9,,,,05:45:36,990967536,20:21:04,991020064,0.17,Clear,Clear conditions throughout the day.,clear-day,"['72483023232', '72492023237']",obs,-7.0
2001-05-28,991033200,27.1,10.1,17.6,26.6,10.1,17.6,9.1,61.2,0.0,0.0,0.0,,0.0,0.0,,24.1,219.8,1011.4,0.0,15.6,,,,05:45:05,991053905,20:21:49,991106509,0.2,Clear,Clear conditions throughout the day.,clear-day,"['72483023232', '72492023237']",obs,-7.0
2001-05-29,991119600,32.2,12.8,22.3,30.0,12.8,21.7,8.8,49.7,0.0,0.0,0.0,,0.0,0.0,,22.3,312.9,1013.3,0.0,16.0,,,,05:44:36,991140276,20:22:33,991192953,0.25,Clear,Clear conditions throughout the day.,clear-day,"['72483023232', '72492023237']",obs,-7.0
2001-05-30,991206000,37.2,14.4,26.5,35.5,14.4,25.7,10.9,44.5,0.0,0.0,0.0,,0.0,0.0,,22.2,342.7,1012.9,0.0,16.0,,,,05:44:09,991226649,20:23:16,991279396,0.28,Clear,Clear conditions throughout the day.,clear-day,"['72483023232', '72492023237']",obs,-7.0
2001-05-31,991292400,41.2,16.7,29.0,39.3,16.7,28.2,12.0,41.6,0.0,0.0,0.0,,0.0,0.0,,22.3,284.4,1009.9,0.0,15.1,,,,05:43:44,991313024,20:23:58,991365838,0.31,Clear,Clear conditions throughout the day.,clear-day,"['72483023232', '72492023237']",obs,-7.0
2001-06-01,991378800,27.9,16.7,22.8,27.6,16.7,22.8,10.9,47.7,0.0,0.0,0.0,,0.0,0.0,,29.4,207.0,1008.6,0.0,16.0,,,,05:43:20,991399400,20:24:39,991452279,0.35,Clear,Clear conditions throughout the day.,clear-day,"['72483023232', '72492023237']",obs,-7.0
2001-06-02,991465200,26.1,12.1,18.8,26.1,12.1,18.8,9.5,58.0,0.0,0.0,0.0,,0.0,0.0,,20.7,201.2,1009.9,0.0,15.8,,,,05:42:59,991485779,20:25:19,991538719,0.38,Clear,Clear conditions throughout the day.,clear-day,"['72483023232', '72492023237']",obs,-7.0
2001-06-03,991551600,27.2,11.1,19.5,26.7,11.1,19.3,3.9,43.1,0.0,0.0,0.0,,0.0,0.0,,31.6,319.0,1009.8,0.0,16.0,,,,05:42:39,991572159,20:25:58,991625158,0.42,Clear,Clear conditions throughout the day.,clear-day,"['72483023232', '72492023237']",obs,-7.0
2001-06-04,991638000,29.4,16.1,21.6,27.7,16.1,21.3,3.7,33.0,0.0,0.0,0.0,,0.0,0.0,,24.1,289.7,1008.9,0.0,16.0,,,,05:42:21,991658541,20:26:36,991711596,0.45,Clear,Clear conditions throughout the day.,clear-day,"['72483023232', '72492023237']",obs,-7.0
2001-06-05,991724400,28.9,12.2,20.6,27.4,12.2,20.3,7.6,47.6,0.0,0.0,0.0,,0.0,0.0,,25.9,224.7,1013.7,0.0,16.0,,,,05:42:05,991744925,20:27:12,991798032,0.5,Clear,Clear conditions throughout the day.,clear-day,"['72483023232', '72492023237']",obs,-7.0
2001-06-06,991810800,32.8,11.7,22.7,30.9,11.7,22.2,10.1,50.5,0.0,0.0,0.0,,0.0,0.0,,18.8,302.8,1016.2,0.0,16.0,,,,05:41:50,991831310,20:27:47,991884467,0.52,Clear,Clear conditions throughout the day.,clear-day,"['72483023232', '72492023237']",obs,-7.0
2001-06-07,991897200,35.1,14.4,25.3,33.2,14.4,24.7,11.7,47.8,0.0,0.0,0.0,,0.0,0.0,,18.7,255.3,1013.5,0.0,16.0,,,,05:41:38,991917698,20:28:21,991970901,0.56,Clear,Clear conditions throughout the day.,clear-day,"['72483023232', '72492023237']",obs,-7.0
2001-06-08,991983600,32.9,16.1,23.7,31.6,16.1,23.3,11.1,48.1,0.0,0.0,0.0,,0.0,0.0,,33.5,202.5,1012.0,0.0,16.0,,,,05:41:27,992004087,20:28:54,992057334,0.59,Clear,Clear conditions throughout the day.,clear-day,"['72483023232', '72492023237']",obs,-7.0
2001-06-09,992070000,31.2,13.4,20.7,29.5,13.4,20.5,10.8,57.5,0.0,0.0,0.0,,0.0,0.0,,24.1,212.7,1013.6,0.0,16.0,,,,05:41:19,992090479,20:29:25,992143765,0.62,Clear,Clear conditions throughout the day.,clear-day,"['72483023232', '72492023237']",obs,-7.0
2001-06-10,992156400,28.4,12.1,19.3,27.6,12.1,19.3,11.0,61.7,0.0,0.0,0.0,,0.0,0.0,,24.1,190.4,1014.1,0.0,16.0,,,,05:41:12,992176872,20:29:55,992230195,0.65,Clear,Clear conditions throughout the day.,clear-day,"['72483023232', '72492023237']",obs,-7.0
2001-06-11,992242800,27.8,13.8,20.4,27.6,13.8,20.4,12.1,61.5,0.0,0.0,0.0,,0.0,0.0,,22.4,205.3,1014.3,0.0,15.9,,,,05:41:07,992263267,20:30:23,992316623,0.69,Clear,Clear conditions throughout the day.,clear-day,"['72483023232', '72492023237']",obs,-7.0
2001-06-12,992329200,30.0,13.9,21.7,28.2,13.9,21.2,9.5,54.2,0.0,0.0,0.0,,0.0,0.0,,25.9,303.4,1012.9,0.0,16.0,,,,05:41:03,992349663,20:30:50,992403050,0.72,Clear,Clear conditions throughout the day.,clear-day,"['72483023232', '72492023237']",obs,-7.0
2001-06-13,992415600,30.7,13.9,23.0,28.8,13.9,22.5,6.0,37.1,0.0,0.0,0.0,,0.0,0.0,,38.9,324.3,1011.1,0.0,16.0,,,,05:41:02,992436062,20:31:16,992489476,0.75,Clear,Clear conditions throughout the day.,clear-day,"['72483023232', '72492023237']",obs,-7.0
2001-06-14,992502000,34.4,12.2,24.3,32.2,12.2,23.6,9.5,45.1,0.0,0.0,0.0,,0.0,0.0,,14.8,206.4,1011.4,0.0,16.0,,,,05:41:02,992522462,20:31:40,992575900,0.78,Clear,Clear conditions throughout the day.,clear-day,"['72483023232', '72492023237']",obs,-7.0
2001-06-15,992588400,34.4,18.3,25.6,32.5,18.3,25.0,10.3,40.7,0.0,0.0,0.0,,0.0,0.0,,18.7,211.1,1011.5,0.0,16.0,,,,05:41:05,992608865,20:32:02,992662322,0.82,Clear,Clear conditions throughout the day.,clear-day,"['72483023232', '72492023237']",obs,-7.0
2001-06-16,992674800,36.2,15.1,25.7,34.1,15.1,25.1,11.4,45.7,0.0,0.0,0.0,,0.0,0.0,,13.0,196.4,1012.1,0.0,16.0,,,,05:41:08,992695268,20:32:23,992748743,0.85,Clear,Clear conditions throughout the day.,clear-day,"['72483023232', '72492023237']",obs,-7.0
2001-06-17,992761200,35.7,17.2,25.7,34.2,17.2,25.4,11.9,44.0,0.0,0.0,0.0,,0.0,0.0,,16.5,229.4,1012.7,0.0,16.0,,,,05:41:14,992781674,20:32:42,992835162,0.88,Clear,Clear conditions throughout the day.,clear-day,"['72483023232', '72492023237']",obs,-7.0
2001-06-18,992847600,36.2,16.7,26.7,34.2,16.7,26.0,10.5,40.3,0.0,0.0,0.0,,0.0,0.0,,16.5,291.7,1012.0,0.0,16.0,,,,05:41:22,992868082,20:33:00,992921580,0.91,Clear,Clear conditions throughout the day.,clear-day,"['72483023232', '72492023237']",obs,-7.0
2001-06-19,992934000,36.7,17.2,27.7,35.0,17.2,27.0,11.4,40.8,0.0,0.0,0.0,,0.0,0.0,,14.9,262.5,1010.4,0.0,16.0,,,,05:41:31,992954491,20:33:16,993007996,0.94,Clear,Clear conditions throughout the day.,clear-day,"['72483023232', '72492023237']",obs,-7.0
2001-06-20,993020400,37.9,16.7,28.1,37.2,16.7,27.5,12.7,44.2,0.0,0.0,0.0,,0.0,0.0,,20.4,256.1,1011.2,0.0,16.0,,,,05:41:42,993040902,20:33:30,993094410,0.98,Clear,Clear conditions throughout the day.,clear-day,"['72483023232', '72492023237']",obs,-7.0
2001-06-21,993106800,38.4,18.3,28.0,38.0,18.3,27.7,12.5,40.8,0.0,0.0,0.0,,0.0,0.0,,18.7,209.8,1013.0,0.0,16.0,,,,05:41:54,993127314,20:33:42,993180822,0.0,Clear,Clear conditions throughout the day.,clear-day,"['72483023232', '72492023237']",obs,-7.0
2001-06-22,993193200,35.1,19.4,26.4,34.6,19.4,26.1,12.5,43.8,0.0,0.0,0.0,,0.0,0.0,,22.4,198.5,1011.8,0.0,16.0,,,,05:42:08,993213728,20:33:53,993267233,0.05,Clear,Clear conditions throughout the day.,clear-day,"['72483023232', '72492023237']",obs,-7.0
2001-06-23,993279600,28.9,13.4,20.2,27.9,13.4,20.1,10.4,56.8,0.0,0.0,0.0,,0.0,0.0,,31.6,197.0,1012.0,0.0,16.0,,,,05:42:24,993300144,20:34:02,993353642,0.08,Clear,Clear conditions throughout the day.,clear-day,"['72483023232', '72492023237']",obs,-7.0
2001-06-24,993366000,27.2,12.9,19.6,26.6,12.9,19.5,9.0,53.4,0.0,0.0,0.0,,0.0,0.0,,26.0,199.0,1014.4,0.0,16.0,,,,05:42:42,993386562,20:34:09,993440049,0.12,Clear,Clear conditions throughout the day.,clear-day,"['72483023232', '72492023237']",obs,-7.0
2001-06-25,993452400,26.7,14.4,18.2,26.7,14.4,18.2,11.5,68.6,0.305,100.0,8.33,['rain'],0.0,0.0,,25.9,202.9,1014.3,27.8,15.5,,,,05:43:01,993472981,20:34:14,993526454,0.15,"Rain, Partially cloudy",Becoming cloudy in the afternoon with late afternoon rain.,rain,"['72483023232', '72492023237']",obs,-7.0
2001-06-26,993538800,25.1,12.9,18.2,25.1,12.9,18.2,12.1,69.7,0.003,100.0,4.17,['rain'],0.0,0.0,,25.9,215.8,1013.3,36.6,16.0,,,,05:43:21,993559401,20:34:18,993612858,0.19,"Rain, Partially cloudy",Clearing in the afternoon with early morning rain.,rain,"['72483023232', '72492023237']",obs,-7.0
2001-06-27,993625200,22.2,16.2,18.5,22.2,16.2,18.5,12.8,70.2,0.0,0.0,0.0,,0.0,0.0,,18.7,263.7,1018.1,77.6,16.0,,,,05:43:43,993645823,20:34:20,993699260,0.25,Partially cloudy,Partly cloudy throughout the day.,partly-cloudy-day,"['72483023232', '72492023237']",obs,-7.0
2001-06-28,993711600,28.4,13.4,21.0,27.8,13.4,20.9,13.7,67.3,0.0,0.0,0.0,,0.0,0.0,,18.8,258.0,1019.0,5.4,16.0,,,,05:44:07,993732247,20:34:20,993785660,0.26,Clear,Clear conditions throughout the day.,clear-day,"['72483023232', '72492023237']",obs,-7.0
2001-06-29,993798000,33.3,13.9,23.7,31.7,13.9,23.1,11.8,54.6,0.0,0.0,0.0,,0.0,0.0,,16.6,279.6,1015.1,0.0,16.0,,,,05:44:32,993818672,20:34:18,993872058,0.29,Clear,Clear conditions throughout the day.,clear-day,"['72483023232', '72492023237']",obs,-7.0
2001-06-30,993884400,35.1,16.6,25.2,33.3,16.6,24.8,12.5,48.9,0.0,0.0,0.0,,0.0,0.0,,18.7,188.2,1011.9,0.0,16.0,,,,05:44:58,993905098,20:34:14,993958454,0.33,Clear,Clear conditions throughout the day.,clear-day,"['72483023232', '72492023237']",obs,-7.0
2001-07-01,993970800,36.2,16.1,25.6,34.8,16.1,25.1,11.9,46.7,0.0,0.0,0.0,,0.0,0.0,,14.8,229.8,1012.3,0.0,16.0,,,,05:45:26,993991526,20:34:08,994044848,0.36,Clear,Clear conditions throughout the day.,clear-day,"['72483023232', '72492023237']",obs,-7.0
2001-07-02,994057200,40.6,16.2,28.6,38.3,16.2,28.0,12.0,41.5,0.0,0.0,0.0,,0.0,0.0,,16.6,295.6,1010.0,0.0,16.0,,,,05:45:55,994077955,20:34:01,994131241,0.4,Clear,Clear conditions throughout the day.,clear-day,"['72483023232', '72492023237']",obs,-7.0
2001-07-03,994143600,41.2,20.7,30.9,40.8,20.7,30.5,13.6,38.6,0.0,0.0,0.0,,0.0,0.0,,11.2,292.4,1008.3,1.2,15.9,,,,05:46:26,994164386,20:33:51,994217631,0.44,Clear,Clear conditions throughout the day.,clear-day,"['72483023232', '72492023237']",obs,-7.0
2001-07-04,994230000,33.9,22.2,27.7,32.6,22.2,27.3,12.7,40.5,0.0,0.0,0.0,,0.0,0.0,,18.6,187.7,1010.5,0.0,15.9,,,,05:46:58,994250818,20:33:40,994304020,0.47,Clear,Clear conditions throughout the day.,clear-day,"['72483023232', '72492023237']",obs,-7.0
2001-07-05,994316400,37.2,19.4,27.2,35.8,19.4,26.8,11.6,39.6,0.0,0.0,0.0,,0.0,0.0,,25.8,201.1,1009.9,0.0,16.0,,,,05:47:31,994337251,20:33:26,994390406,0.5,Clear,Clear conditions throughout the day.,clear-day,"['72483023232', '72492023237']",obs,-7.0
2001-07-06,994402800,35.1,14.4,22.9,33.6,14.4,22.7,11.8,53.8,0.0,0.0,0.0,,0.0,0.0,,29.4,208.9,1011.2,0.0,15.5,,,,05:48:05,994423685,20:33:11,994476791,0.54,Clear,Clear conditions throughout the day.,clear-day,"['72483023232', '72492023237']",obs,-7.0
2001-07-07,994489200,33.4,17.2,24.5,32.3,17.2,24.1,11.6,46.9,0.0,0.0,0.0,,0.0,0.0,,18.7,217.9,1014.6,0.0,16.0,,,,05:48:40,994510120,20:32:54,994563174,0.57,Clear,Clear conditions throughout the day.,clear-day,"['72483023232', '72492023237']",obs,-7.0
2001-07-08,994575600,35.1,16.7,24.8,33.8,16.7,24.4,11.8,47.5,0.0,0.0,0.0,,0.0,0.0,,20.6,209.5,1015.1,0.0,16.0,,,,05:49:17,994596557,20:32:35,994649555,0.6,Clear,Clear conditions throughout the day.,clear-day,"['72483023232', '72492023237']",obs,-7.0
2001-07-09,994662000,30.1,14.4,21.1,29.6,14.4,21.0,12.1,58.9,0.0,0.0,0.0,,0.0,0.0,,29.5,196.6,1014.0,1.2,16.0,,,,05:49:54,994682994,20:32:15,994735935,0.64,Clear,Clear conditions throughout the day.,clear-day,"['72483023232', '72492023237']",obs,-7.0
2001-07-10,994748400,27.2,13.9,19.4,27.0,13.9,19.4,11.4,62.5,0.0,0.0,0.0,,0.0,0.0,,24.1,199.4,1013.0,2.5,16.0,,,,05:50:33,994769433,20:31:52,994822312,0.67,Clear,Clear conditions throughout the day.,clear-day,"['72483023232', '72492023237']",obs,-7.0
2001-07-11,994834800,25.7,13.4,18.1,25.7,13.4,18.1,10.8,64.4,0.0,0.0,0.0,,0.0,0.0,,31.6,204.0,1013.8,2.5,16.0,,,,05:51:13,994855873,20:31:27,994908687,0.7,Clear,Clear conditions throughout the day.,clear-day,"['72483023232', '72492023237']",obs,-7.0
2001-07-12,994921200,29.3,12.8,19.6,28.3,12.8,19.5,11.6,64.3,0.0,0.0,0.0,,0.0,0.0,,22.3,213.8,1016.2,0.0,16.0,,,,05:51:53,994942313,20:31:01,994995061,0.74,Clear,Clear conditions throughout the day.,clear-day,"['72483023232', '72492023237']",obs,-7.0
2001-07-13,995007600,33.4,12.1,21.7,32.3,12.1,21.3,12.3,61.8,0.0,0.0,0.0,,0.0,0.0,,18.7,196.4,1015.0,0.0,14.9,,,,05:52:35,995028755,20:30:33,995081433,0.75,Clear,Clear conditions throughout the day.,clear-day,"['72483023232', '72492023237']",obs,-7.0
2001-07-14,995094000,27.2,13.9,19.5,27.1,13.9,19.4,11.9,64.4,0.0,0.0,0.0,,0.0,0.0,,25.9,198.5,1011.6,0.0,15.4,,,,05:53:17,995115197,20:30:03,995167803,0.8,Clear,Clear conditions throughout the day.,clear-day,"['72483023232', '72492023237']",obs,-7.0
2001-07-15,995180400,26.7,12.1,18.4,26.7,12.1,18.4,11.6,67.7,0.0,0.0,0.0,,0.0,0.0,,31.6,203.3,1008.5,0.0,14.5,,,,05:54:00,995201640,20:29:31,995254171,0.83,Clear,Clear conditions throughout the day.,clear-day,"['72483023232', '72492023237']",obs,-7.0
2001-07-16,995266800,22.2,13.9,17.0,22.2,13.9,17.0,10.8,68.4,0.0,0.0,0.0,,0.0,0.0,,27.8,198.7,1011.0,18.2,16.0,,,,05:54:44,995288084,20:28:57,995340537,0.87,Clear,Clear conditions throughout the day.,clear-day,"['72483023232', '72492023237']",obs,-7.0
2001-07-17,995353200,28.3,12.1,19.0,27.3,12.1,18.9,10.8,63.9,0.0,0.0,0.0,,0.0,0.0,,20.5,213.3,1013.7,0.0,15.1,,,,05:55:29,995374529,20:28:22,995426902,0.9,Clear,Clear conditions throughout the day.,clear-day,"['72483023232', '72492023237']",obs,-7.0
2001-07-18,995439600,31.7,13.3,21.6,29.9,13.3,21.2,11.3,56.9,0.0,0.0,0.0,,0.0,0.0,,20.5,199.6,1012.9,0.0,15.9,,,,05:56:15,995460975,20:27:44,995513264,0.93,Clear,Clear conditions throughout the day.,clear-day,"['72483023232', '72492023237']",obs,-7.0
2001-07-19,995526000,27.2,13.4,19.4,27.0,13.4,19.4,12.5,66.9,0.0,0.0,0.0,,0.0,0.0,,27.8,190.5,1011.7,7.4,16.0,,,,05:57:01,995547421,20:27:05,995599625,0.97,Clear,Clear conditions throughout the day.,clear-day,"['72483023232', '72492023237']",obs,-7.0
2001-07-20,995612400,25.7,13.4,18.3,25.7,13.4,18.3,11.6,67.8,0.0,0.0,0.0,,0.0,0.0,,24.1,198.2,1012.4,7.0,15.5,,,,05:57:48,995633868,20:26:24,995685984,0.0,Clear,Clear conditions throughout the day.,clear-day,"['72483023232', '72492023237']",obs,-7.0
2001-07-21,995698800,26.7,12.9,18.8,26.7,12.9,18.8,11.6,65.8,0.0,0.0,0.0,,0.0,0.0,,22.3,200.0,1013.5,5.0,16.0,,,,05:58:35,995720315,20:25:42,995772342,0.03,Clear,Clear conditions throughout the day.,clear-day,"['72483023232', '72492023237']",obs,-7.0
2001-07-22,995785200,33.3,12.8,22.3,31.3,12.8,21.8,11.4,56.6,0.0,0.0,0.0,,0.0,0.0,,16.6,198.9,1011.9,0.0,16.0,,,,05:59:23,995806763,20:24:58,995858698,0.07,Clear,Clear conditions throughout the day.,clear-day,"['72483023232', '72492023237']",obs,-7.0
2001-07-23,995871600,32.9,13.9,23.3,31.8,13.9,22.9,12.1,53.3,0.0,0.0,0.0,,0.0,0.0,,22.2,208.8,1009.6,0.0,15.9,,,,06:00:12,995893212,20:24:12,995945052,0.1,Clear,Clear conditions throughout the day.,clear-day,"['72483023232', '72492023237']",obs,-7.0
2001-07-24,995958000,31.7,13.9,21.7,31.5,13.9,21.6,13.3,61.5,0.0,0.0,0.0,,0.0,0.0,,27.6,194.3,1007.7,0.0,16.0,,,,06:01:01,995979661,20:23:24,996031404,0.14,Clear,Clear conditions throughout the day.,clear-day,"['72483023232', '72492023237']",obs,-7.0
2001-07-25,996044400,31.2,14.4,21.3,30.8,14.4,21.3,13.6,64.5,0.0,0.0,0.0,,0.0,0.0,,24.1,199.4,1008.7,0.0,16.0,,,,06:01:51,996066111,20:22:35,996117755,0.17,Clear,Clear conditions throughout the day.,clear-day,"['72483023232', '72492023237']",obs,-7.0
2001-07-26,996130800,31.7,13.4,21.5,30.5,13.4,21.4,13.5,64.5,0.0,0.0,0.0,,0.0,0.0,,20.4,201.9,1010.2,0.0,16.0,,,,06:02:41,996152561,20:21:44,996204104,0.21,Clear,Clear conditions throughout the day.,clear-day,"['72483023232', '72492023237']",obs,-7.0
2001-07-27,996217200,32.9,13.4,22.0,31.6,13.4,21.7,12.4,60.4,0.0,0.0,0.0,,0.0,0.0,,16.6,212.2,1011.6,0.0,15.8,,,,06:03:31,996239011,20:20:52,996290452,0.25,Clear,Clear conditions throughout the day.,clear-day,"['72483023232', '72492023237']",obs,-7.0
2001-07-28,996303600,33.4,13.4,22.4,32.6,13.4,22.2,12.8,59.1,0.0,0.0,0.0,,0.0,0.0,,16.5,191.2,1012.9,0.0,15.5,,,,06:04:22,996325462,20:19:58,996376798,0.28,Clear,Clear conditions throughout the day.,clear-day,"['72483023232', '72492023237']",obs,-7.0
2001-07-29,996390000,28.9,15.1,21.0,28.3,15.1,20.9,12.0,58.4,0.0,0.0,0.0,,0.0,0.0,,31.8,195.2,1012.5,0.0,16.0,,,,06:05:13,996411913,20:19:02,996463142,0.31,Clear,Clear conditions throughout the day.,clear-day,"['72483023232', '72492023237']",obs,-7.0
2001-07-30,996476400,25.7,15.7,19.8,25.7,15.7,19.8,12.5,64.1,0.0,0.0,0.0,,0.0,0.0,,25.9,200.8,1012.9,2.1,16.0,,,,06:06:05,996498365,20:18:05,996549485,0.35,Clear,Clear conditions throughout the day.,clear-day,"['72483023232', '72492023237']",obs,-7.0
2001-07-31,996562800,31.7,13.3,21.6,30.9,13.3,21.4,13.3,64.5,0.0,0.0,0.0,,0.0,0.0,,18.7,201.9,1012.0,0.0,15.8,,,,06:06:57,996584817,20:17:07,996635827,0.38,Clear,Clear conditions throughout the day.,clear-day,"['72483023232', '72492023237']",obs,-7.0
2001-08-01,996649200,31.7,14.4,22.2,30.5,14.4,22.0,12.3,57.2,0.0,0.0,0.0,,0.0,0.0,,20.6,198.7,1014.4,0.0,16.0,,,,06:07:49,996671269,20:16:07,996722167,0.41,Clear,Clear conditions throughout the day.,clear-day,"['72483023232', '72492023237']",obs,-7.0
2001-08-02,996735600,33.3,13.9,21.7,30.9,13.9,21.3,11.5,59.6,0.0,0.0,0.0,,0.0,0.0,,20.5,195.1,1015.3,0.0,16.0,,,,06:08:41,996757721,20:15:05,996808505,0.45,Clear,Clear conditions throughout the day.,clear-day,"['72483023232', '72492023237']",obs,-7.0
2001-08-03,996822000,28.9,13.9,20.1,28.6,13.9,20.1,13.4,68.2,0.0,0.0,0.0,,0.0,0.0,,27.7,188.2,1013.1,0.0,16.0,,,,06:09:34,996844174,20:14:03,996894843,0.5,Clear,Clear conditions throughout the day.,clear-day,"['72483023232', '72492023237']",obs,-7.0
2001-08-04,996908400,30.1,15.1,21.0,29.1,15.1,20.9,13.6,66.3,0.0,0.0,0.0,,0.0,0.0,,22.3,195.3,1013.5,9.9,16.0,,,,06:10:26,996930626,20:12:58,996981178,0.52,Clear,Clear conditions throughout the day.,clear-day,"['72483023232', '72492023237']",obs,-7.0
2001-08-05,996994800,32.1,15.7,22.7,30.7,15.7,22.3,12.1,56.1,0.0,0.0,0.0,,0.0,0.0,,16.6,196.0,1015.5,0.0,16.0,,,,06:11:19,997017079,20:11:53,997067513,0.55,Clear,Clear conditions throughout the day.,clear-day,"['72483023232', '72492023237']",obs,-7.0
2001-08-06,997081200,35.7,15.0,24.5,34.2,15.0,24.1,12.9,54.7,0.0,0.0,0.0,,0.0,0.0,,18.8,223.9,1015.7,0.0,16.0,,,,06:12:12,997103532,20:10:46,997153846,0.59,Clear,Clear conditions throughout the day.,clear-day,"['72483023232', '72492023237']",obs,-7.0
2001-08-07,997167600,37.9,15.7,27.0,36.7,15.7,26.5,12.5,46.0,0.0,0.0,0.0,,0.0,0.0,,13.0,228.5,1012.3,0.0,16.0,,,,06:13:05,997189985,20:09:38,997240178,0.62,Clear,Clear conditions throughout the day.,clear-day,"['72483023232', '72492023237']",obs,-7.0
2001-08-08,997254000,38.9,20.1,27.6,37.7,20.1,27.3,12.9,43.5,0.0,0.0,0.0,,0.0,0.0,,22.3,219.9,1009.5,0.0,16.0,,,,06:13:59,997276439,20:08:28,997326508,0.65,Clear,Clear conditions throughout the day.,clear-day,"['72483023232', '72492023237']",obs,-7.0
2001-08-09,997340400,30.7,16.2,22.3,29.2,16.2,22.1,12.6,56.9,0.0,0.0,0.0,,0.0,0.0,,25.8,200.0,1012.0,0.0,16.0,,,,06:14:52,997362892,20:07:18,997412838,0.69,Clear,Clear conditions throughout the day.,clear-day,"['72483023232', '72492023237']",obs,-7.0
2001-08-10,997426800,30.7,14.4,21.0,29.4,14.4,20.8,11.9,59.6,0.0,0.0,0.0,,0.0,0.0,,20.5,199.1,1015.3,0.0,16.0,,,,06:15:46,997449346,20:06:06,997499166,0.72,Clear,Clear conditions throughout the day.,clear-day,"['72483023232', '72492023237']",obs,-7.0
2001-08-11,997513200,33.3,12.2,21.6,32.1,12.2,21.2,11.6,58.0,0.0,0.0,0.0,,0.0,0.0,,16.6,219.8,1013.4,0.0,16.0,,,,06:16:39,997535799,20:04:53,997585493,0.75,Clear,Clear conditions throughout the day.,clear-day,"['72483023232', '72492023237']",obs,-7.0
2001-08-12,997599600,28.4,12.9,19.4,27.5,12.9,19.3,11.0,62.2,0.0,0.0,0.0,,0.0,0.0,,22.3,196.5,1014.2,0.0,16.0,,,,06:17:33,997622253,20:03:39,997671819,0.75,Clear,Clear conditions throughout the day.,clear-day,"['72483023232', '72492023237']",obs,-7.0
2001-08-13,997686000,29.4,12.8,19.7,28.3,12.8,19.5,11.4,62.8,0.0,0.0,0.0,,0.0,0.0,,22.3,195.0,1016.3,0.0,16.0,,,,06:18:26,997708706,20:02:23,997758143,0.82,Clear,Clear conditions throughout the day.,clear-day,"['72483023232', '72492023237']",obs,-7.0
2001-08-14,997772400,33.9,12.8,22.1,31.9,12.8,21.6,11.3,58.4,0.0,0.0,0.0,,0.0,0.0,,14.8,202.7,1014.3,0.0,15.6,,,,06:19:20,997795160,20:01:07,997844467,0.85,Clear,Clear conditions throughout the day.,clear-day,"['72483023232', '72492023237']",obs,-7.0
2001-08-15,997858800,33.4,13.3,22.2,31.8,13.3,21.8,11.7,57.2,0.0,0.0,0.0,,0.0,0.0,,20.5,202.8,1012.9,0.0,15.9,,,,06:20:13,997881613,19:59:49,997930789,0.89,Clear,Clear conditions throughout the day.,clear-day,"['72483023232', '72492023237']",obs,-7.0
2001-08-16,997945200,37.1,13.8,24.4,34.7,13.8,23.7,10.6,50.6,0.0,0.0,0.0,,0.0,0.0,,14.7,233.2,1012.7,0.0,15.3,,,,06:21:07,997968067,19:58:31,998017111,0.92,Clear,Clear conditions throughout the day.,clear-day,"['72483023232', '72492023237']",obs,-7.0
2001-08-17,998031600,36.7,16.7,25.6,35.1,16.7,25.1,11.7,46.3,0.0,0.0,0.0,,0.0,0.0,,16.5,210.0,1013.1,0.0,16.0,,,,06:22:00,998054520,19:57:11,998103431,0.96,Clear,Clear conditions throughout the day.,clear-day,"['72483023232', '72492023237']",obs,-7.0
2001-08-18,998118000,33.9,15.1,23.8,32.5,15.1,23.5,11.9,51.3,0.0,0.0,0.0,,0.0,0.0,,16.5,191.6,1013.0,0.0,16.0,,,,06:22:54,998140974,19:55:51,998189751,0.0,Clear,Clear conditions throughout the day.,clear-day,"['72483023232', '72492023237']",obs,-7.0
2001-08-19,998204400,33.4,14.4,22.7,32.1,14.4,22.4,11.9,54.3,0.0,0.0,0.0,,0.0,0.0,,24.1,211.0,1010.6,0.0,15.9,,,,06:23:48,998227428,19:54:30,998276070,0.02,Clear,Clear conditions throughout the day.,clear-day,"['72483023232', '72492023237']",obs,-7.0
2001-08-20,998290800,24.4,12.9,17.6,24.4,12.9,17.6,11.3,68.9,0.0,0.0,0.0,,0.0,0.0,,31.5,201.8,1011.7,0.0,15.4,,,,06:24:41,998313881,19:53:07,998362387,0.06,Clear,Clear conditions throughout the day.,clear-day,"['72483023232', '72492023237']",obs,-7.0
2001-08-21,998377200,27.2,12.2,19.0,27.0,12.2,19.0,11.6,65.4,0.0,0.0,0.0,,0.0,0.0,,25.9,215.2,1013.0,0.0,15.9,,,,06:25:34,998400334,19:51:44,998448704,0.09,Clear,Clear conditions throughout the day.,clear-day,"['72483023232', '72492023237']",obs,-7.0
2001-08-22,998463600,27.2,14.4,20.0,27.3,14.4,20.0,13.5,68.7,0.0,0.0,0.0,,0.0,0.0,,25.9,198.4,1015.1,0.0,16.0,,,,06:26:28,998486788,19:50:20,998535020,0.12,Clear,Clear conditions throughout the day.,clear-day,"['72483023232', '72492023237']",obs,-7.0
2001-08-23,998550000,30.0,13.9,21.0,29.3,13.9,20.9,13.8,67.2,0.0,0.0,0.0,,0.0,0.0,,20.6,201.7,1016.3,0.0,16.0,,,,06:27:21,998573241,19:48:55,998621335,0.16,Clear,Clear conditions throughout the day.,clear-day,"['72483023232', '72492023237']",obs,-7.0
2001-08-24,998636400,32.1,15.6,23.1,30.9,15.6,22.8,13.8,61.4,0.0,0.0,0.0,,0.0,0.0,,16.6,231.4,1013.7,0.0,15.9,,,,06:28:14,998659694,19:47:30,998707650,0.19,Clear,Clear conditions throughout the day.,clear-day,"['72483023232', '72492023237']",obs,-7.0
2001-08-25,998722800,35.1,15.0,24.2,33.7,15.0,23.8,11.8,50.2,0.0,0.0,0.0,,0.0,0.0,,16.6,200.7,1010.7,0.0,16.0,,,,06:29:08,998746148,19:46:04,998793964,0.25,Clear,Clear conditions throughout the day.,clear-day,"['72483023232', '72492023237']",obs,-7.0
2001-08-26,998809200,36.7,15.1,24.8,35.5,15.1,24.3,11.8,49.4,0.0,0.0,0.0,,0.0,0.0,,14.8,197.1,1010.3,0.0,16.0,,,,06:30:01,998832601,19:44:37,998880277,0.26,Clear,Clear conditions throughout the day.,clear-day,"['72483023232', '72492023237']",obs,-7.0
2001-08-27,998895600,39.3,15.7,26.5,38.1,15.7,26.1,12.8,48.5,0.0,0.0,0.0,,0.0,0.0,,16.6,240.0,1010.0,0.0,15.9,,,,06:30:54,998919054,19:43:09,998966589,0.29,Clear,Clear conditions throughout the day.,clear-day,"['72483023232', '72492023237']",obs,-7.0
2001-08-28,998982000,37.9,14.4,26.0,36.1,14.4,25.4,12.1,47.8,0.0,0.0,0.0,,0.0,0.0,,18.7,224.7,1005.7,0.0,15.9,,,,06:31:47,999005507,19:41:40,999052900,0.33,Clear,Clear conditions throughout the day.,clear-day,"['72483023232', '72492023237']",obs,-7.0
2001-08-29,999068400,32.2,15.7,22.2,31.8,15.7,22.1,13.5,60.8,0.0,0.0,0.0,,0.0,0.0,,25.8,200.4,1004.6,0.0,16.0,,,,06:32:40,999091960,19:40:11,999139211,0.36,Clear,Clear conditions throughout the day.,clear-day,"['72483023232', '72492023237']",obs,-7.0
2001-08-30,999154800,25.1,13.9,18.4,25.1,13.9,18.4,12.9,72.8,0.0,0.0,0.0,,0.0,0.0,,20.5,208.3,1010.1,0.0,16.0,,,,06:33:33,999178413,19:38:42,999225522,0.39,Clear,Clear conditions throughout the day.,clear-day,"['72483023232', '72492023237']",obs,-7.0
2001-08-31,999241200,30.7,13.4,20.8,29.8,13.4,20.7,13.3,66.2,0.0,0.0,0.0,,0.0,0.0,,14.8,198.0,1011.4,0.0,15.1,,,,06:34:26,999264866,19:37:11,999311831,0.43,Clear,Clear conditions throughout the day.,clear-day,"['72483023232', '72492023237']",obs,-7.0
2001-09-01,999327600,32.2,14.3,23.0,31.2,14.3,22.7,13.0,58.0,0.0,0.0,0.0,,0.0,0.0,,14.7,202.1,1010.9,0.0,16.0,,,,06:35:19,999351319,19:35:41,999398141,0.46,Clear,Clear conditions throughout the day.,clear-day,"['72483023232', '72492023237']",obs,-7.0
2001-09-02,999414000,34.4,16.6,24.8,32.3,16.6,24.2,11.0,46.8,0.0,0.0,0.0,,0.0,0.0,,20.5,197.4,1010.8,0.0,16.0,,,,06:36:11,999437771,19:34:09,999484449,0.5,Clear,Clear conditions throughout the day.,clear-day,"['72483023232', '72492023237']",obs,-7.0
2001-09-03,999500400,35.6,16.7,24.7,33.6,16.7,24.1,10.0,43.6,0.0,0.0,0.0,,0.0,0.0,,18.8,205.4,1010.8,0.0,16.0,,,,06:37:04,999524224,19:32:38,999570758,0.53,Clear,Clear conditions throughout the day.,clear-day,"['72483023232', '72492023237']",obs,-7.0
2001-09-04,999586800,36.2,17.2,24.2,34.2,17.2,23.7,9.6,42.6,0.0,0.0,0.0,,0.0,0.0,,24.1,191.7,1010.5,0.0,16.0,,,,06:37:57,999610677,19:31:05,999657065,0.56,Clear,Clear conditions throughout the day.,clear-day,"['72483023232', '72492023237']",obs,-7.0
2001-09-05,999673200,30.7,13.9,21.3,29.4,13.9,21.1,11.8,58.5,0.0,0.0,0.0,,0.0,0.0,,18.8,199.1,1011.1,0.0,15.9,,,,06:38:50,999697130,19:29:33,999743373,0.6,Clear,Clear conditions throughout the day.,clear-day,"['72483023232', '72492023237']",obs,-7.0
2001-09-06,999759600,32.8,12.2,22.0,30.5,12.2,21.4,6.3,44.0,0.0,0.0,0.0,,0.0,0.0,,18.7,313.0,1012.1,0.0,16.0,,,,06:39:42,999783582,19:28:00,999829680,0.63,Clear,Clear conditions throughout the day.,clear-day,"['72483023232', '72492023237']",obs,-7.0
2001-09-07,999846000,33.4,12.2,21.8,31.1,12.2,21.3,8.5,47.9,0.0,0.0,0.0,,0.0,0.0,,14.8,198.5,1010.3,0.0,15.7,,,,06:40:35,999870035,19:26:26,999915986,0.67,Clear,Clear conditions throughout the day.,clear-day,"['72483023232', '72492023237']",obs,-7.0
2001-09-08,999932400,30.7,12.2,19.9,29.5,12.2,19.7,11.3,61.7,0.0,0.0,0.0,,0.0,0.0,,16.6,185.3,1009.1,0.0,15.9,,,,06:41:28,999956488,19:24:52,1000002292,0.7,Clear,Clear conditions throughout the day.,clear-day,"['72483023232', '72492023237']",obs,-7.0
2001-09-09,1000018800,25.1,13.3,18.4,25.1,13.3,18.4,12.0,68.2,0.0,0.0,0.0,,0.0,0.0,,24.1,205.8,1010.5,0.0,16.0,,,,06:42:20,1000042940,19:23:18,1000088598,0.74,Clear,Clear conditions throughout the day.,clear-day,"['72483023232', '72492023237']",obs,-7.0
2001-09-10,1000105200,26.7,12.1,19.1,26.7,12.1,19.1,12.0,66.7,0.0,0.0,0.0,,0.0,0.0,,18.8,195.3,1012.2,0.0,16.0,,,,06:43:13,1000129393,19:21:44,1000174904,0.75,Clear,Clear conditions throughout the day.,clear-day,"['72483023232', '72492023237']",obs,-7.0
2001-09-11,1000191600,28.9,15.7,20.5,28.3,15.7,20.5,12.4,61.8,0.0,0.0,0.0,,0.0,0.0,,20.5,268.8,1011.4,1.3,16.0,,,,06:44:05,1000215845,19:20:09,1000261209,0.81,Clear,Clear conditions throughout the day.,clear-day,"['72483023232', '72492023237']",obs,-7.0
2001-09-12,1000278000,25.1,13.9,18.3,25.1,13.9,18.3,12.7,71.4,0.0,0.0,0.0,,0.0,0.0,,20.6,198.3,1009.7,3.3,16.0,,,,06:44:58,1000302298,19:18:34,1000347514,0.84,Clear,Clear conditions throughout the day.,clear-day,"['72483023232', '72492023237']",obs,-7.0
2001-09-13,1000364400,29.4,12.8,19.8,28.9,12.8,19.7,13.3,70.6,0.0,0.0,0.0,,0.0,0.0,,14.7,203.6,1012.5,0.0,15.8,,,,06:45:51,1000388751,19:16:59,1000433819,0.87,Clear,Clear conditions throughout the day.,clear-day,"['72483023232', '72492023237']",obs,-7.0
2001-09-14,1000450800,33.3,14.3,22.9,32.7,14.3,22.7,13.6,60.8,0.0,0.0,0.0,,0.0,0.0,,13.0,222.0,1012.8,0.0,15.9,,,,06:46:44,1000475204,19:15:24,1000520124,0.91,Clear,Clear conditions throughout the day.,clear-day,"['72483023232', '72492023237']",obs,-7.0
2001-09-15,1000537200,30.7,13.8,20.7,29.9,13.8,20.6,13.0,64.9,0.0,0.0,0.0,,0.0,0.0,,18.7,199.1,1012.0,0.0,16.0,,,,06:47:36,1000561656,19:13:49,1000606429,0.94,Clear,Clear conditions throughout the day.,clear-day,"['72483023232', '72492023237']",obs,-7.0
2001-09-16,1000623600,26.2,13.4,18.4,26.2,13.4,18.4,13.2,74.1,0.0,0.0,0.0,,0.0,0.0,,18.8,199.5,1011.9,2.1,15.9,,,,06:48:29,1000648109,19:12:13,1000692733,0.98,Clear,Clear conditions throughout the day.,clear-day,"['72483023232', '72492023237']",obs,-7.0
2001-09-17,1000710000,29.4,11.6,19.3,29.2,11.6,19.2,13.0,71.5,0.0,0.0,0.0,,0.0,0.0,,16.5,198.4,1012.4,0.0,14.2,,,,06:49:22,1000734562,19:10:38,1000779038,0.0,Clear,Clear conditions throughout the day.,clear-day,"['72483023232', '72492023237']",obs,-7.0
2001-09-18,1000796400,28.9,12.9,20.0,28.7,12.9,19.9,13.1,67.5,0.0,0.0,0.0,,0.0,0.0,,14.8,193.6,1011.0,0.0,15.3,,,,06:50:15,1000821015,19:09:02,1000865342,0.04,Clear,Clear conditions throughout the day.,clear-day,"['72483023232', '72492023237']",obs,-7.0
2001-09-19,1000882800,31.6,12.2,20.6,31.3,12.2,20.5,12.9,65.3,0.0,0.0,0.0,,0.0,0.0,,13.1,209.6,1010.8,0.0,15.7,,,,06:51:08,1000907468,19:07:26,1000951646,0.08,Clear,Clear conditions throughout the day.,clear-day,"['72483023232', '72492023237']",obs,-7.0
2001-09-20,1000969200,31.2,12.9,20.4,30.5,12.9,20.2,12.7,65.3,0.0,0.0,0.0,,0.0,0.0,,13.0,199.1,1012.7,0.0,15.7,,,,06:52:01,1000993921,19:05:51,1001037951,0.11,Clear,Clear conditions throughout the day.,clear-day,"['72483023232', '72492023237']",obs,-7.0
2001-09-21,1001055600,31.6,11.2,19.9,30.1,11.2,19.6,11.2,63.2,0.0,0.0,0.0,,0.0,0.0,,14.7,204.4,1013.3,0.0,16.0,,,,06:52:55,1001080375,19:04:15,1001124255,0.14,Clear,Clear conditions throughout the day.,clear-day,"['72483023232', '72492023237']",obs,-7.0
2001-09-22,1001142000,30.1,13.8,21.3,29.8,13.8,21.2,12.3,59.6,0.0,0.0,0.0,,0.0,0.0,,13.0,174.9,1011.8,0.0,15.5,,,,06:53:48,1001166828,19:02:39,1001210559,0.18,Clear,Clear conditions throughout the day.,clear-day,"['72483023232', '72492023237']",obs,-7.0
2001-09-23,1001228400,28.4,14.3,20.5,27.3,14.3,20.3,10.5,55.8,0.0,0.0,0.0,,0.0,0.0,,18.6,211.3,1011.5,0.0,16.0,,,,06:54:42,1001253282,19:01:04,1001296864,0.21,Clear,Clear conditions throughout the day.,clear-day,"['72483023232', '72492023237']",obs,-7.0
2001-09-24,1001314800,23.9,12.1,17.8,23.9,12.1,17.8,12.2,72.2,4.257,100.0,8.33,['rain'],0.0,0.0,,20.5,219.7,1012.4,18.7,15.8,,,,06:55:35,1001339735,18:59:28,1001383168,0.25,Rain,Clear conditions throughout the day with late afternoon rain.,rain,"['72483023232', '72492023237']",obs,-7.0
2001-09-25,1001401200,24.4,13.8,18.6,24.4,13.8,18.6,13.4,75.3,8.352,100.0,16.67,['rain'],0.0,0.0,,18.7,270.9,1014.1,25.7,15.1,,,,06:56:29,1001426189,18:57:53,1001469473,0.28,"Rain, Partially cloudy",Clearing in the afternoon with rain clearing later.,rain,"['72483023232', '72492023237']",obs,-7.0
2001-09-26,1001487600,28.9,11.7,19.6,28.3,11.7,19.5,13.4,72.0,0.0,0.0,0.0,,0.0,0.0,,14.8,286.5,1013.4,0.0,15.5,,,,06:57:23,1001512643,18:56:18,1001555778,0.31,Clear,Clear conditions throughout the day.,clear-day,"['72483023232', '72492023237']",obs,-7.0
2001-09-27,1001574000,25.1,14.3,18.6,25.1,14.3,18.6,12.5,70.2,0.0,0.0,0.0,,0.0,0.0,,25.9,191.1,1011.7,0.0,15.2,,,,06:58:18,1001599098,18:54:43,1001642083,0.34,Clear,Clear conditions throughout the day.,clear-day,"['72483023232', '72492023237']",obs,-7.0
2001-09-28,1001660400,26.6,10.6,17.6,26.6,10.6,17.6,8.0,56.3,0.0,0.0,0.0,,0.0,0.0,,11.3,238.5,1013.7,0.0,16.0,,,,06:59:12,1001685552,18:53:09,1001728389,0.38,Clear,Clear conditions throughout the day.,clear-day,"['72483023232', '72492023237']",obs,-7.0
2001-09-29,1001746800,31.6,9.4,19.9,30.1,8.9,19.6,9.8,57.0,0.0,0.0,0.0,,0.0,0.0,,12.9,300.1,1011.3,0.0,16.0,,,,07:00:07,1001772007,18:51:34,1001814694,0.41,Clear,Clear conditions throughout the day.,clear-day,"['72483023232', '72492023237']",obs,-7.0
2001-09-30,1001833200,35.0,12.8,23.1,33.3,12.8,22.7,11.5,53.6,0.0,0.0,0.0,,0.0,0.0,,14.7,343.9,1009.7,0.0,16.0,,,,07:01:01,1001858461,18:50:00,1001901000,0.44,Clear,Clear conditions throughout the day.,clear-day,"['72483023232', '72492023237']",obs,-7.0
2001-10-01,1001919600,38.8,16.1,25.6,37.0,16.1,25.1,11.6,47.0,0.0,0.0,0.0,,0.0,0.0,,14.8,300.2,1010.7,0.0,16.0,,,,07:01:56,1001944916,18:48:27,1001987307,0.47,Clear,Clear conditions throughout the day.,clear-day,"['72483023232', '72492023237']",obs,-7.0
2001-10-02,1002006000,39.3,13.9,24.4,37.4,13.9,24.0,12.9,55.9,0.0,0.0,0.0,,0.0,0.0,,14.8,260.7,1011.0,0.0,15.9,,,,07:02:52,1002031372,18:46:53,1002073613,0.5,Clear,Clear conditions throughout the day.,clear-day,"['72483023232', '72492023237']",obs,-7.0
2001-10-03,1002092400,35.6,14.4,23.1,34.8,14.4,22.8,13.0,58.7,0.0,0.0,0.0,,0.0,0.0,,13.0,206.0,1011.3,0.0,15.9,,,,07:03:47,1002117827,18:45:20,1002159920,0.54,Clear,Clear conditions throughout the day.,clear-day,"['72483023232', '72492023237']",obs,-7.0
2001-10-04,1002178800,23.4,13.8,17.5,23.4,13.8,17.5,12.2,72.5,0.0,0.0,0.0,,0.0,0.0,,22.3,191.6,1012.1,0.0,16.0,,,,07:04:43,1002204283,18:43:48,1002246228,0.58,Clear,Clear conditions throughout the day.,clear-day,"['72483023232', '72492023237']",obs,-7.0
2001-10-05,1002265200,21.7,13.3,16.4,21.7,13.3,16.4,11.2,73.3,0.0,0.0,0.0,,0.0,0.0,,24.1,202.0,1013.1,0.1,16.0,,,,07:05:39,1002290739,18:42:16,1002332536,0.61,Clear,Clear conditions throughout the day.,clear-day,"['72483023232', '72492023237']",obs,-7.0
2001-10-06,1002351600,23.3,10.0,16.1,23.3,10.0,16.1,11.2,75.1,0.0,0.0,0.0,,0.0,0.0,,14.8,200.4,1014.9,0.0,15.6,,,,07:06:35,1002377195,18:40:44,1002418844,0.65,Clear,Clear conditions throughout the day.,clear-day,"['72483023232', '72492023237']",obs,-7.0
2001-10-07,1002438000,22.9,11.1,16.6,22.9,11.1,16.6,11.9,75.6,0.0,0.0,0.0,,0.0,0.0,,16.5,184.8,1016.7,0.0,14.8,,,,07:07:32,1002463652,18:39:13,1002505153,0.68,Clear,Clear conditions throughout the day.,clear-day,"['72483023232', '72492023237']",obs,-7.0
2001-10-08,1002524400,24.4,11.2,17.1,24.4,11.2,17.1,11.5,72.1,0.0,0.0,0.0,,0.0,0.0,,14.8,215.7,1016.3,9.1,14.1,,,,07:08:29,1002550109,18:37:42,1002591462,0.72,Clear,Clear conditions throughout the day.,clear-day,"['72483023232', '72492023237']",obs,-7.0
2001-10-09,1002610800,26.6,12.2,18.3,26.6,12.2,18.3,4.1,44.6,0.0,0.0,0.0,,0.0,0.0,,25.8,319.9,1016.3,0.0,16.0,,,,07:09:26,1002636566,18:36:12,1002677772,0.75,Clear,Clear conditions throughout the day.,clear-day,"['72483023232', '72492023237']",obs,-7.0
2001-10-10,1002697200,27.9,7.9,16.9,26.7,7.9,16.8,4.7,51.6,0.0,0.0,0.0,,0.0,0.0,,9.4,200.8,1017.0,0.0,16.0,,,,07:10:24,1002723024,18:34:43,1002764083,0.79,Clear,Clear conditions throughout the day.,clear-day,"['72483023232', '72492023237']",obs,-7.0
2001-10-11,1002783600,27.8,13.8,19.2,27.0,13.8,19.1,8.7,52.5,0.0,0.0,0.0,,0.0,0.0,,20.5,316.4,1016.5,0.0,15.1,,,,07:11:21,1002809481,18:33:14,1002850394,0.82,Clear,Clear conditions throughout the day.,clear-day,"['72483023232', '72492023237']",obs,-7.0
2001-10-12,1002870000,31.6,16.6,22.2,29.5,16.6,21.7,3.4,31.2,0.0,0.0,0.0,,0.0,0.0,,38.6,329.2,1016.5,0.0,16.0,,,,07:12:19,1002895939,18:31:46,1002936706,0.86,Clear,Clear conditions throughout the day.,clear-day,"['72483023232', '72492023237']",obs,-7.0
2001-10-13,1002956400,30.6,11.1,19.5,28.8,11.1,19.2,7.2,49.4,0.0,0.0,0.0,,0.0,0.0,,14.7,333.7,1014.9,0.0,16.0,,,,07:13:18,1002982398,18:30:19,1003023019,0.89,Clear,Clear conditions throughout the day.,clear-day,"['72483023232', '72492023237']",obs,-7.0
2001-10-14,1003042800,31.1,10.7,19.0,29.3,10.7,18.8,9.1,58.1,0.0,0.0,0.0,,0.0,0.0,,7.6,6.5,1012.7,0.0,16.0,,,,07:14:17,1003068857,18:28:52,1003109332,0.93,Clear,Clear conditions throughout the day.,clear-day,"['72483023232', '72492023237']",obs,-7.0
2001-10-15,1003129200,30.1,11.2,19.6,28.6,11.2,19.3,8.8,53.8,0.0,0.0,0.0,,0.0,0.0,,11.1,176.0,1013.8,0.0,15.7,,,,07:15:16,1003155316,18:27:26,1003195646,0.96,Clear,Clear conditions throughout the day.,clear-day,"['72483023232', '72492023237']",obs,-7.0
2001-10-16,1003215600,26.6,12.2,17.8,26.6,12.2,17.8,10.1,64.0,0.0,0.0,0.0,,0.0,0.0,,20.4,204.4,1015.2,0.0,15.4,,,,07:16:15,1003241775,18:26:01,1003281961,0.0,Clear,Clear conditions throughout the day.,clear-day,"['72483023232', '72492023237']",obs,-7.0
2001-10-17,1003302000,25.0,13.3,17.3,25.0,13.3,17.3,10.8,67.9,0.0,0.0,0.0,,0.0,0.0,,16.5,201.0,1015.5,0.0,15.9,,,,07:17:15,1003328235,18:24:37,1003368277,0.03,Clear,Clear conditions throughout the day.,clear-day,"['72483023232', '72492023237']",obs,-7.0
2001-10-18,1003388400,28.8,8.9,17.2,27.5,8.4,17.0,9.3,66.7,0.0,0.0,0.0,,0.0,0.0,,11.2,315.6,1017.4,0.0,14.0,,,,07:18:15,1003414695,18:23:14,1003454594,0.06,Clear,Clear conditions throughout the day.,clear-day,"['72483023232', '72492023237']",obs,-7.0
2001-10-19,1003474800,27.2,8.9,17.5,26.7,8.9,17.5,9.0,62.7,0.0,0.0,0.0,,0.0,0.0,,9.3,166.2,1014.9,0.0,15.4,,,,07:19:16,1003501156,18:21:51,1003540911,0.1,Clear,Clear conditions throughout the day.,clear-day,"['72483023232', '72492023237']",obs,-7.0
2001-10-20,1003561200,26.7,8.9,16.9,26.1,8.9,16.9,8.5,62.7,0.0,0.0,0.0,,0.0,0.0,,20.4,206.6,1012.0,0.0,15.6,,,,07:20:17,1003587617,18:20:30,1003627230,0.13,Clear,Clear conditions throughout the day.,clear-day,"['72483023232', '72492023237']",obs,-7.0
2001-10-21,1003647600,20.7,10.0,13.9,20.7,10.0,13.9,9.2,75.9,0.0,0.0,0.0,,0.0,0.0,,16.6,197.4,1013.9,2.1,15.7,,,,07:21:18,1003674078,18:19:09,1003713549,0.16,Clear,Clear conditions throughout the day.,clear-day,"['72483023232', '72492023237']",obs,-7.0
2001-10-22,1003734000,25.1,8.3,15.3,25.1,8.0,15.2,9.4,72.2,0.0,0.0,0.0,,0.0,0.0,,11.2,200.6,1016.6,0.0,11.9,,,,07:22:19,1003760539,18:17:50,1003799870,0.19,Clear,Clear conditions throughout the day.,clear-day,"['72483023232', '72492023237']",obs,-7.0
2001-10-23,1003820400,25.0,10.7,17.2,25.0,10.7,17.2,7.3,59.7,0.0,0.0,0.0,,0.0,0.0,,29.4,329.6,1015.5,0.0,16.0,,,,07:23:21,1003847001,18:16:31,1003886191,0.25,Clear,Clear conditions throughout the day.,clear-day,"['72483023232', '72492023237']",obs,-7.0
2001-10-24,1003906800,25.6,11.6,17.1,25.6,11.6,17.1,-0.3,32.8,0.0,0.0,0.0,,0.0,0.0,,33.3,334.5,1016.3,0.0,16.0,,,,07:24:24,1003933464,18:15:14,1003972514,0.26,Clear,Clear conditions throughout the day.,clear-day,"['72483023232', '72492023237']",obs,-7.0
2001-10-25,1003993200,25.7,7.1,15.4,25.7,7.1,15.4,4.9,54.6,0.0,0.0,0.0,,0.0,0.0,,7.5,167.1,1017.3,0.0,14.3,,,,07:25:26,1004019926,18:13:58,1004058838,0.29,Clear,Clear conditions throughout the day.,clear-day,"['72483023232', '72492023237']",obs,-7.0
2001-10-26,1004079600,26.7,8.4,16.3,26.7,8.4,16.3,7.0,58.5,0.0,0.0,0.0,,0.0,0.0,,12.9,274.6,1017.2,0.0,11.9,,,,07:26:29,1004106389,18:12:43,1004145163,0.32,Clear,Clear conditions throughout the day.,clear-day,"['72483023232', '72492023237']",obs,-7.0
2001-10-27,1004166000,20.1,12.1,15.2,20.1,12.1,15.2,10.2,72.9,0.0,0.0,0.0,,0.0,0.0,,25.8,202.7,1016.3,7.8,14.3,,,,07:27:32,1004192852,18:11:29,1004231489,0.36,Clear,Clear conditions throughout the day.,clear-day,"['72483023232', '72492023237']",obs,-7.0
2001-10-28,1004252400,20.7,11.1,15.5,20.7,11.1,15.5,10.6,74.3,0.0,0.0,0.0,,0.0,0.0,,13.0,180.8,1018.6,25.5,14.8,,,,06:28:36,1004279316,17:10:16,1004317816,0.39,Partially cloudy,Partly cloudy throughout the day.,partly-cloudy-day,"['72483023232', '72492023237']",obs,-7.0
2001-10-29,1004342400,20.1,12.1,16.2,20.1,12.1,16.2,11.2,73.9,0.0,0.0,0.0,,0.0,0.0,,9.4,115.2,1020.3,63.2,13.1,,,,06:29:40,1004365780,17:09:05,1004404145,0.42,Partially cloudy,Partly cloudy throughout the day.,partly-cloudy-day,"['72483023232', '72492023237']",obs,
2001-10-30,1004428800,18.4,13.3,15.5,18.4,13.3,15.5,13.5,88.2,9.664,100.0,41.67,['rain'],0.0,0.0,,27.7,180.0,1015.3,65.8,12.2,,,,06:30:44,1004452244,17:07:54,1004490474,0.45,"Rain, Partially cloudy",Partly cloudy throughout the day with a chance of rain throughout the day.,rain,"['72483023232', '72492023237']",obs,
2001-10-31,1004515200,20.6,9.1,14.1,20.6,9.1,14.1,10.8,83.0,0.3,100.0,4.17,['rain'],0.0,0.0,,12.9,247.9,1018.5,13.1,12.9,,,,06:31:48,1004538708,17:06:46,1004576806,0.5,Rain,Clear conditions throughout the day with morning rain.,rain,"['72483023232', '72492023237']",obs,
2001-11-01,1004601600,20.7,6.7,12.8,20.7,6.7,12.9,9.7,83.5,0.0,0.0,0.0,,0.0,0.0,,11.1,341.2,1017.7,0.2,12.3,,,,06:32:53,1004625173,17:05:38,1004663138,0.52,Clear,Clear conditions throughout the day.,clear-day,"['72483023232', '72492023237']",obs,
2001-11-02,1004688000,21.7,7.9,13.6,21.7,7.8,13.5,9.6,80.3,0.003,100.0,4.17,['rain'],0.0,0.0,,14.7,328.0,1017.6,1.2,12.6,,,,06:33:58,1004711638,17:04:32,1004749472,0.56,Rain,Clear conditions throughout the day with morning rain.,rain,"['72483023232', '72492023237']",obs,
2001-11-03,1004774400,23.4,8.4,14.6,23.4,8.4,14.6,9.6,76.4,0.0,0.0,0.0,,0.0,0.0,,13.0,306.8,1019.2,0.0,13.1,,,,06:35:03,1004798103,17:03:28,1004835808,0.59,Clear,Clear conditions throughout the day.,clear-day,"['72483023232', '72492023237']",obs,
2001-11-04,1004860800,26.1,7.9,15.7,26.1,7.9,15.7,8.9,69.2,0.0,0.0,0.0,,0.0,0.0,,12.9,319.1,1017.2,0.0,14.1,,,,06:36:08,1004884568,17:02:24,1004922144,0.63,Clear,Clear conditions throughout the day.,clear-day,"['72483023232', '72492023237']",obs,
2001-11-05,1004947200,23.4,8.0,15.0,23.4,6.8,14.9,9.6,73.0,0.0,0.0,0.0,,0.0,0.0,,11.2,315.8,1015.8,1.3,11.0,,,,06:37:14,1004971034,17:01:23,1005008483,0.66,Clear,Clear conditions throughout the day.,clear-day,"['72483023232', '72492023237']",obs,
2001-11-06,1005033600,18.9,10.0,13.5,18.9,10.0,13.5,9.4,78.0,0.0,0.0,0.0,,0.0,0.0,,20.6,203.6,1015.4,0.0,13.3,,,,06:38:20,1005057500,17:00:23,1005094823,0.7,Clear,Clear conditions throughout the day.,clear-day,"['72483023232', '72492023237']",obs,
2001-11-07,1005120000,21.6,4.4,11.8,21.6,4.4,11.6,5.7,72.4,0.0,0.0,0.0,,0.0,0.0,,16.6,328.5,1021.2,4.1,13.0,,,,06:39:26,1005143966,16:59:24,1005181164,0.73,Clear,Clear conditions throughout the day.,clear-day,"['72483023232', '72492023237']",obs,
2001-11-08,1005206400,23.4,5.1,12.8,23.4,4.6,12.6,6.1,69.5,0.0,0.0,0.0,,0.0,0.0,,12.9,349.4,1022.2,0.0,12.7,,,,06:40:32,1005230432,16:58:27,1005267507,0.75,Clear,Clear conditions throughout the day.,clear-day,"['72483023232', '72492023237']",obs,
2001-11-09,1005292800,22.9,6.7,13.8,22.9,5.8,13.7,8.3,72.7,0.0,0.0,0.0,,0.0,0.0,,9.4,329.7,1018.6,2.5,10.3,,,,06:41:38,1005316898,16:57:32,1005353852,0.81,Clear,Clear conditions throughout the day.,clear-day,"['72483023232', '72492023237']",obs,
2001-11-10,1005379200,21.6,8.3,14.6,21.6,8.3,14.6,9.6,75.5,1.095,100.0,12.5,['rain'],0.0,0.0,,20.5,198.2,1015.4,35.8,8.8,,,,06:42:44,1005403364,16:56:38,1005440198,0.84,"Rain, Partially cloudy",Becoming cloudy in the afternoon with late afternoon rain.,rain,"['72483023232', '72492023237']",obs,
2001-11-11,1005465600,21.2,14.4,17.8,21.2,14.4,17.8,14.1,80.0,3.27,100.0,12.5,['rain'],0.0,0.0,,26.0,145.7,1014.6,96.5,14.0,,,,06:43:50,1005489830,16:55:46,1005526546,0.88,"Rain, Overcast",Cloudy skies throughout the day with rain clearing later.,rain,"['72483023232', '72492023237']",obs,
2001-11-12,1005552000,17.9,10.7,14.6,17.9,10.7,14.6,12.8,89.8,15.236,100.0,37.5,['rain'],0.0,0.0,,18.9,161.2,1013.0,84.8,13.9,,,,06:44:56,1005576296,16:54:56,1005612896,0.91,"Rain, Partially cloudy",Partly cloudy throughout the day with rain.,rain,"['72483023232', '72492023237']",obs,
2001-11-13,1005638400,16.2,10.7,13.4,16.2,10.7,13.4,11.0,85.8,2.583,100.0,16.67,['rain'],0.0,0.0,,14.8,165.1,1021.6,85.4,15.0,,,,06:46:02,1005662762,16:54:07,1005699247,0.95,"Rain, Partially cloudy",Partly cloudy throughout the day with early morning rain.,rain,"['72483023232', '72492023237']",obs,
2001-11-14,1005724800,18.8,12.2,15.1,18.8,12.2,15.1,12.9,87.1,0.0,0.0,0.0,,0.0,0.0,,9.3,266.8,1021.3,81.3,12.9,,,,06:47:09,1005749229,16:53:21,1005785601,0.0,Partially cloudy,Partly cloudy throughout the day.,partly-cloudy-day,"['72483023232', '72492023237']",obs,
2001-11-15,1005811200,18.4,11.2,14.8,18.4,11.2,14.8,12.8,88.5,0.0,0.0,0.0,,0.0,0.0,,9.4,183.3,1017.2,45.0,6.2,,,,06:48:15,1005835695,16:52:36,1005871956,0.02,Partially cloudy,Partly cloudy throughout the day.,partly-cloudy-day,"['72483023232', '72492023237']",obs,
2001-11-16,1005897600,18.8,10.0,14.1,18.8,10.0,14.1,11.9,87.9,0.003,100.0,4.17,['rain'],0.0,0.0,,9.4,165.0,1017.5,30.2,5.8,,,,06:49:21,1005922161,16:51:53,1005958313,0.05,"Rain, Partially cloudy",Becoming cloudy in the afternoon with morning rain.,rain,"['72483023232', '72492023237']",obs,
2001-11-17,1005984000,18.3,9.4,13.7,18.3,9.4,13.7,11.1,86.0,0.0,0.0,0.0,,0.0,0.0,,11.1,267.4,1020.1,47.0,10.7,,,,06:50:26,1006008626,16:51:12,1006044672,0.08,Partially cloudy,Partly cloudy throughout the day.,partly-cloudy-day,"['72483023232', '72492023237']",obs,
2001-11-18,1006070400,17.8,6.2,11.9,17.8,6.2,11.8,10.2,90.2,0.3,100.0,4.17,['rain'],0.0,0.0,,14.6,333.0,1022.1,30.6,7.2,,,,06:51:32,1006095092,16:50:32,1006131032,0.11,"Rain, Partially cloudy",Partly cloudy throughout the day with early morning rain.,rain,"['72483023232', '72492023237']",obs,
2001-11-19,1006156800,17.9,9.1,13.8,17.9,7.0,13.7,11.3,85.6,0.003,100.0,4.17,['rain'],0.0,0.0,,25.9,146.7,1022.1,34.3,4.4,,,,06:52:37,1006181557,16:49:55,1006217395,0.15,"Rain, Partially cloudy",Partly cloudy throughout the day with early morning rain.,rain,"['72483023232', '72492023237']",obs,
2001-11-20,1006243200,18.4,10.7,14.6,18.4,10.7,14.6,11.1,80.7,0.0,0.0,0.0,,0.0,0.0,,16.6,152.4,1020.9,27.3,6.8,,,,06:53:42,1006268022,16:49:19,1006303759,0.18,Partially cloudy,Partly cloudy throughout the day.,partly-cloudy-day,"['72483023232', '72492023237']",obs,
2001-11-21,1006329600,15.7,12.2,14.1,15.7,12.2,14.1,12.4,89.2,4.076,100.0,41.67,['rain'],0.0,0.0,,24.1,145.5,1015.9,93.5,5.4,,,,06:54:47,1006354487,16:48:46,1006390126,0.21,"Rain, Overcast",Cloudy skies throughout the day with rain.,rain,"['72483023232', '72492023237']",obs,
2001-11-22,1006416000,18.4,10.0,14.5,18.4,10.0,14.5,10.8,80.0,3.27,100.0,12.5,['rain'],0.0,0.0,,24.1,197.6,1015.2,28.9,13.2,,,,06:55:51,1006440951,16:48:14,1006476494,0.25,"Rain, Partially cloudy",Partly cloudy throughout the day with rain.,rain,"['72483023232', '72492023237']",obs,
2001-11-23,1006502400,12.9,8.4,10.4,12.9,6.5,9.8,7.4,82.5,0.0,0.0,0.0,,0.0,0.0,,16.5,326.7,1016.2,24.2,15.7,,,,06:56:55,1006527415,16:47:45,1006562865,0.27,Partially cloudy,Partly cloudy throughout the day.,partly-cloudy-day,"['72483023232', '72492023237']",obs,
2001-11-24,1006588800,15.0,8.3,11.7,15.0,6.2,11.4,8.1,79.6,21.862,100.0,37.5,['rain'],0.0,0.0,,44.8,189.0,1003.0,77.6,13.1,,,,06:57:58,1006613878,16:47:18,1006649238,0.31,"Rain, Partially cloudy",Partly cloudy throughout the day with a chance of rain throughout the day.,rain,"['72483023232', '72492023237']",obs,
2001-11-25,1006675200,12.2,4.4,8.3,12.2,2.5,7.3,5.3,82.2,0.003,100.0,4.17,['rain'],0.0,0.0,,18.7,177.8,1018.4,10.5,15.8,,,,06:59:01,1006700341,16:46:52,1006735612,0.34,Rain,Clear conditions throughout the day with late afternoon rain.,rain,"['72483023232', '72492023237']",obs,
2001-11-26,1006761600,12.9,1.7,7.5,12.9,1.7,6.6,4.4,81.4,0.0,0.0,0.0,,0.0,0.0,,22.3,326.3,1023.8,0.1,15.5,,,,07:00:03,1006786803,16:46:29,1006821989,0.37,Clear,Clear conditions throughout the day.,clear-day,"['72483023232', '72492023237']",obs,
2001-11-27,1006848000,13.8,3.8,7.5,13.8,0.1,5.8,1.0,65.7,0.0,0.0,0.0,,0.0,0.0,,16.5,331.7,1023.4,5.8,15.7,,,,07:01:05,1006873265,16:46:08,1006908368,0.4,Clear,Clear conditions throughout the day.,clear-day,"['72483023232', '72492023237']",obs,
2001-11-28,1006934400,10.0,6.6,8.4,10.0,2.8,6.6,4.6,77.4,7.066,100.0,20.83,['rain'],0.0,0.0,,46.5,143.5,1016.4,96.2,8.6,,,,07:02:05,1006959725,16:45:49,1006994749,0.43,"Rain, Overcast",Cloudy skies throughout the day with late afternoon rain.,rain,"['72483023232', '72492023237']",obs,
2001-11-29,1007020800,12.9,7.1,9.4,12.9,2.5,7.3,7.0,85.0,3.898,100.0,41.67,['rain'],0.0,0.0,,37.1,147.1,1010.6,95.7,14.6,,,,07:03:06,1007046186,16:45:32,1007081132,0.47,"Rain, Overcast",Cloudy skies throughout the day with rain.,rain,"['72483023232', '72492023237']",obs,
2001-11-30,1007107200,12.2,7.9,9.9,12.2,7.2,9.7,6.8,82.0,0.594,100.0,8.33,['rain'],0.0,0.0,,11.2,157.4,1017.4,58.8,12.2,,,,07:04:05,1007132645,16:45:17,1007167517,0.5,"Rain, Partially cloudy",Partly cloudy throughout the day with late afternoon rain.,rain,"['72483023232', '72492023237']",obs,
2001-12-01,1007193600,11.1,9.4,10.1,11.1,5.8,9.2,7.7,85.3,15.923,100.0,79.17,['rain'],0.0,0.0,,35.2,145.9,1015.4,100.0,9.0,,,,07:05:04,1007219104,16:45:04,1007253904,0.53,"Rain, Overcast",Cloudy skies throughout the day with a chance of rain throughout the day.,rain,"['72483023232', '72492023237']",obs,
2001-12-02,1007280000,15.0,8.4,10.8,15.0,5.1,10.5,7.6,81.1,26.975,100.0,79.17,['rain'],0.0,0.0,,46.3,165.9,1009.0,81.8,12.7,,,,07:06:01,1007305561,16:44:53,1007340293,0.57,"Rain, Partially cloudy",Partly cloudy throughout the day with a chance of rain throughout the day.,rain,"['72483023232', '72492023237']",obs,
2001-12-03,1007366400,12.8,6.7,9.1,12.8,3.8,7.7,6.2,82.9,0.996,100.0,16.67,['rain'],0.0,0.0,,14.8,229.0,1017.1,48.2,16.0,,,,07:06:58,1007392018,16:44:45,1007426685,0.61,"Rain, Partially cloudy",Partly cloudy throughout the day with rain clearing later.,rain,"['72483023232', '72492023237']",obs,
2001-12-04,1007452800,12.1,1.2,7.5,12.1,1.2,6.7,3.6,77.3,0.0,0.0,0.0,,0.0,0.0,,14.6,184.0,1021.2,24.7,16.0,,,,07:07:53,1007478473,16:44:39,1007513079,0.64,Partially cloudy,Becoming cloudy in the afternoon.,partly-cloudy-day,"['72483023232', '72492023237']",obs,
2001-12-05,1007539200,10.0,7.1,8.4,10.0,3.7,5.9,6.7,89.0,4.371,100.0,41.67,['rain'],0.0,0.0,,24.1,143.5,1025.7,100.0,9.8,,,,07:08:48,1007564928,16:44:35,1007599475,0.68,"Rain, Overcast",Cloudy skies throughout the day with a chance of rain throughout the day.,rain,"['72483023232', '72492023237']",obs,
2001-12-06,1007625600,15.7,10.0,11.7,15.7,10.0,11.7,9.0,83.9,0.003,100.0,4.17,['rain'],0.0,0.0,,18.7,151.8,1029.1,83.3,10.6,,,,07:09:42,1007651382,16:44:33,1007685873,0.71,"Rain, Partially cloudy",Partly cloudy throughout the day with late afternoon rain.,rain,"['72483023232', '72492023237']",obs,
2001-12-07,1007712000,16.1,7.9,11.1,16.1,4.6,10.7,7.6,80.4,0.0,0.0,0.0,,0.0,0.0,,27.6,342.5,1027.5,21.8,12.2,,,,07:10:34,1007737834,16:44:33,1007772273,0.75,Partially cloudy,Partly cloudy throughout the day.,partly-cloudy-day,"['72483023232', '72492023237']",obs,
2001-12-08,1007798400,13.3,4.4,8.4,13.3,1.3,7.6,7.1,92.0,0.003,100.0,4.17,['rain'],0.0,0.0,,13.0,137.1,1022.2,0.3,4.8,,,,07:11:25,1007824285,16:44:35,1007858675,0.78,Rain,Clear conditions throughout the day with morning rain.,rain,"['72483023232', '72492023237']",obs,
2001-12-09,1007884800,12.8,6.7,9.2,12.8,4.4,7.7,4.8,75.5,0.501,100.0,12.5,['rain'],0.0,0.0,,29.4,301.8,1015.4,51.7,15.8,,,,07:12:15,1007910735,16:44:40,1007945080,0.82,"Rain, Partially cloudy",Partly cloudy throughout the day with morning rain.,rain,"['72483023232', '72492023237']",obs,
2001-12-10,1007971200,15.0,6.1,9.3,15.0,2.3,7.6,0.6,55.3,0.0,0.0,0.0,,0.0,0.0,,29.4,326.4,1012.4,7.9,16.0,,,,07:13:04,1007997184,16:44:46,1008031486,0.86,Clear,Clear conditions throughout the day.,clear-day,"['72483023232', '72492023237']",obs,
2001-12-11,1008057600,12.9,5.0,8.4,12.9,0.9,6.5,1.3,62.4,0.0,0.0,0.0,,0.0,0.0,,22.3,310.4,1015.9,3.8,15.9,,,,07:13:51,1008083631,16:44:55,1008117895,0.89,Clear,Clear conditions throughout the day.,clear-day,"['72483023232', '72492023237']",obs,
2001-12-12,1008144000,12.8,3.4,8.0,12.8,1.4,7.3,3.5,75.0,0.0,0.0,0.0,,0.0,0.0,,14.7,294.2,1023.7,23.9,12.5,,,,07:14:37,1008170077,16:45:06,1008204306,0.93,Partially cloudy,Becoming cloudy in the afternoon.,partly-cloudy-day,"['72483023232', '72492023237']",obs,
2001-12-13,1008230400,11.2,2.8,7.7,11.2,1.7,6.8,5.3,85.5,6.539,100.0,8.33,['rain'],0.0,0.0,,20.3,153.2,1023.9,24.0,4.4,,,,07:15:21,1008256521,16:45:19,1008290719,0.96,"Rain, Partially cloudy",Partly cloudy throughout the day with late afternoon rain.,rain,"['72483023232', '72492023237']",obs,
2001-12-14,1008316800,12.1,6.2,9.2,12.1,3.0,7.2,2.5,65.9,14.47,100.0,20.83,['rain'],0.0,0.0,,38.8,325.9,1012.5,27.5,13.5,,,,07:16:04,1008342964,16:45:34,1008377134,0.0,"Rain, Partially cloudy",Clearing in the afternoon with rain clearing later.,rain,"['72483023232', '72492023237']",obs,
2001-12-15,1008403200,12.1,3.8,7.0,12.1,-0.6,4.8,-0.2,61.6,0.0,0.0,0.0,,0.0,0.0,,25.9,329.0,1020.8,20.6,15.5,,,,07:16:45,1008429405,16:45:52,1008463552,0.03,Partially cloudy,Partly cloudy throughout the day.,partly-cloudy-day,"['72483023232', '72492023237']",obs,
2001-12-16,1008489600,10.7,3.8,7.7,10.7,2.1,6.8,2.8,71.5,0.0,0.0,0.0,,0.0,0.0,,16.6,145.8,1026.3,92.2,15.9,,,,07:17:25,1008515845,16:46:11,1008549971,0.06,Overcast,Cloudy skies throughout the day.,cloudy,"['72483023232', '72492023237']",obs,
2001-12-17,1008576000,10.0,3.9,8.6,10.0,1.9,6.8,6.0,84.5,4.969,100.0,25.0,['rain'],0.0,0.0,,27.6,149.2,1023.9,96.6,11.9,,,,07:18:03,1008602283,16:46:32,1008636392,0.1,"Rain, Overcast",Cloudy skies throughout the day with rain in the morning and afternoon.,rain,"['72483023232', '72492023237']",obs,
2001-12-18,1008662400,11.7,5.1,8.3,11.7,5.1,7.7,6.1,87.3,0.003,100.0,4.17,['rain'],0.0,0.0,,14.7,151.7,1024.2,34.1,9.1,,,,07:18:39,1008688719,16:46:56,1008722816,0.13,"Rain, Partially cloudy",Partly cloudy throughout the day with morning rain.,rain,"['72483023232', '72492023237']",obs,
2001-12-19,1008748800,8.8,4.3,7.0,7.2,3.5,5.0,5.9,92.6,0.792,100.0,4.17,['rain'],0.0,0.0,,24.1,148.3,1016.5,66.2,8.1,,,,07:19:14,1008775154,16:47:21,1008809241,0.16,"Rain, Partially cloudy",Partly cloudy throughout the day with late afternoon rain.,rain,"['72483023232', '72492023237']",obs,
2001-12-20,1008835200,10.7,7.9,8.7,10.7,4.8,6.3,6.9,88.5,22.868,100.0,41.67,['rain'],0.0,0.0,,24.2,132.6,1009.9,91.6,11.6,,,,07:19:46,1008861586,16:47:48,1008895668,0.19,"Rain, Overcast",Cloudy skies throughout the day with a chance of rain throughout the day.,rain,"['72483023232', '72492023237']",obs,
2001-12-21,1008921600,11.1,6.7,8.8,11.1,4.4,7.9,6.8,87.9,0.594,100.0,8.33,['rain'],0.0,0.0,,14.7,334.9,1020.0,77.3,15.8,,,,07:20:17,1008948017,16:48:17,1008982097,0.22,"Rain, Partially cloudy",Partly cloudy throughout the day with early morning rain.,rain,"['72483023232', '72492023237']",obs,
2001-12-22,1009008000,10.1,6.2,8.8,10.1,5.1,7.0,7.4,90.9,8.25,100.0,54.17,['rain'],0.0,0.0,,37.1,147.6,1022.6,89.9,9.9,,,,07:20:46,1009034446,16:48:49,1009068529,0.25,"Rain, Partially cloudy",Partly cloudy throughout the day with a chance of rain throughout the day.,rain,"['72483023232', '72492023237']",obs,
2001-12-23,1009094400,11.6,6.6,9.2,11.6,4.8,8.5,7.7,90.1,1.596,100.0,20.83,['rain'],0.0,0.0,,22.3,330.1,1027.1,50.9,13.3,,,,07:21:14,1009120874,16:49:22,1009154962,0.29,"Rain, Partially cloudy",Partly cloudy throughout the day with early morning rain.,rain,"['72483023232', '72492023237']",obs,
2001-12-24,1009180800,11.7,2.2,7.4,11.7,-1.0,6.3,6.0,90.9,0.003,100.0,4.17,['rain'],0.0,0.0,,14.7,3.4,1027.2,30.6,12.1,,,,07:21:39,1009207299,16:49:56,1009241396,0.32,"Rain, Partially cloudy",Clearing in the afternoon with late afternoon rain.,rain,"['72483023232', '72492023237']",obs,
2001-12-25,1009267200,10.7,5.6,8.2,10.7,5.6,7.9,6.1,87.2,0.0,0.0,0.0,,0.0,0.0,,11.1,330.1,1026.0,96.2,12.3,,,,07:22:03,1009293723,16:50:33,1009327833,0.35,Overcast,Cloudy skies throughout the day.,cloudy,"['72483023232', '72492023237']",obs,
2001-12-26,1009353600,11.2,8.3,9.6,11.2,5.7,8.7,8.4,92.5,0.008,100.0,4.17,['rain'],0.0,0.0,,22.2,342.5,1022.3,70.9,14.9,,,,07:22:24,1009380144,16:51:12,1009414272,0.38,"Rain, Partially cloudy",Partly cloudy throughout the day with early morning rain.,rain,"['72483023232', '72492023237']",obs,
2001-12-27,1009440000,12.1,7.2,9.4,12.1,4.4,8.6,7.7,90.3,0.996,100.0,8.33,['rain'],0.0,0.0,,14.8,129.6,1017.3,84.7,7.0,,,,07:22:44,1009466564,16:51:52,1009500712,0.42,"Rain, Partially cloudy",Partly cloudy throughout the day with late afternoon rain.,rain,"['72483023232', '72492023237']",obs,
2001-12-28,1009526400,11.2,8.4,10.0,11.2,6.2,9.7,9.2,94.7,31.688,100.0,66.67,['rain'],0.0,0.0,,24.2,115.1,1015.2,97.5,6.6,,,,07:23:01,1009552981,16:52:33,1009587153,0.45,"Rain, Overcast",Cloudy skies throughout the day with rain.,rain,"['72483023232', '72492023237']",obs,
2001-12-29,1009612800,13.3,10.0,11.7,13.3,10.0,11.7,10.9,94.5,14.587,100.0,62.5,['rain'],0.0,0.0,,25.9,133.1,1014.3,100.0,10.3,,,,07:23:17,1009639397,16:53:17,1009673597,0.48,"Rain, Overcast",Cloudy skies throughout the day with a chance of rain throughout the day.,rain,"['72483023232', '72492023237']",obs,
2001-12-30,1009699200,13.9,11.2,12.5,13.9,11.2,12.5,12.3,98.4,13.702,100.0,50.0,['rain'],0.0,0.0,,20.5,153.0,1016.8,100.0,5.9,,,,07:23:30,1009725810,16:54:02,1009760042,0.5,"Rain, Overcast",Cloudy skies throughout the day with a chance of rain throughout the day.,rain,"['72483023232', '72492023237']",obs,
2001-12-31,1009785600,13.9,10.7,12.6,13.9,10.7,12.6,11.9,95.8,0.302,100.0,4.17,['rain'],0.0,0.0,,18.7,150.1,1019.0,66.7,9.4,,,,07:23:41,1009812221,16:54:48,1009846488,0.55,"Rain, Partially cloudy",Partly cloudy throughout the day with early morning rain.,rain,"['72483023232', '72492023237']",obs,
